name,run,isInfeasible,timedOut,time,objectiveValue,solution
0010,1,false,false,4,699877,3 5 8 2 7 9 4 0 6 1
0015,1,false,false,8,6899950,0 1 8 7 5 10 4 11 3 9 2 6 14 12 13
0020,1,false,false,20,1899587,5 10 16 17 3 19 14 7 9 1 18 15 11 13 12 6 0 8 2 4
0025,1,false,false,25,3399471,10 21 11 7 0 5 14 4 16 20 13 15 1 9 22 18 19 23 6 24 17 2 3 12 8
0030,1,false,false,40,2899273,10 26 7 1 13 25 29 17 20 14 5 24 28 0 18 16 11 2 15 4 27 19 22 12 23 8 6 3 21 9
0040,1,false,false,23,3199069,23 33 39 3 34 32 16 17 25 4 28 26 20 21 31 18 29 10 5 22 30 15 24 1 2 13 12 6 0 37 27 7 8 9 11 38 19 35 14 36
0050,1,false,false,41,5198880,6 45 44 19 41 32 15 11 2 3 0 22 29 36 18 16 34 5 42 9 27 49 13 10 28 21 48 8 14 30 23 38 37 31 24 20 26 43 46 17 1 40 47 12 25 4 7 39 35 33
0060,1,true,false,3,114201455,35 18 17 25 6 36 43 23 38 52 41 46 56 31 22 21 0 28 24 42 7 9 11 58 37 45 48 59 54 32 50 14 10 47 29 33 2 55 13 57 27 49 39 30 8 40 26 4 1 51 12 16 44 5 20 3 19 15 34 53
0070,1,true,false,9,125701859,1 64 35 17 6 57 49 46 44 63 12 59 27 37 45 11 56 41 29 16 10 23 28 42 26 36 30 66 53 21 7 15 48 38 18 14 55 13 19 0 58 43 50 3 69 32 52 8 67 25 9 2 4 60 51 68 20 33 31 24 5 40 65 47 62 61 22 54 39 34
0080,1,true,false,10,156702282,76 48 78 38 69 42 72 21 29 51 79 15 74 43 18 23 9 59 41 10 77 49 4 56 3 37 53 12 32 52 2 1 75 30 6 11 58 60 54 65 34 13 62 16 17 24 71 7 67 5 44 61 36 73 47 31 28 0 25 57 39 33 64 63 55 50 27 66 35 26 20 68 70 40 19 46 8 22 45 14
0090,1,true,false,24,170321167,8 17 44 75 33 67 77 1 35 87 0 63 49 46 6 60 7 50 73 42 37 65 71 56 84 89 13 61 23 68 29 28 86 30 24 11 32 18 16 25 39 21 2 15 53 85 55 40 36 79 38 66 83 12 48 51 78 74 62 41 70 72 9 22 34 57 58 59 31 3 19 81 47 45 82 4 5 80 64 43 27 54 52 69 14 20 88 26 10 76
0100,1,true,false,33,625868660,40 34 85 57 7 95 68 6 56 96 21 61 98 71 62 0 48 66 74 15 99 54 84 5 44 47 91 90 39 64 20 88 45 25 37 49 35 17 27 76 59 89 12 28 55 81 43 19 53 67 42 52 23 38 92 9 80 2 72 63 75 70 4 93 33 36 50 86 41 22 32 11 77 46 10 82 31 8 78 3 58 29 65 94 83 60 13 18 16 26 97 30 14 69 73 79 1 51 24 87
0150,1,true,false,94,621970001,110 40 5 53 144 85 97 133 107 113 65 1 130 149 111 98 9 138 140 124 15 8 52 19 93 75 27 35 80 14 121 81 125 141 48 68 106 25 47 118 54 132 3 78 148 37 136 135 99 28 95 103 64 82 50 42 74 46 62 71 122 128 29 51 43 26 137 72 32 23 108 39 145 143 16 76 131 127 0 13 36 94 105 83 21 119 84 67 114 96 11 61 66 22 57 104 7 2 60 55 89 77 17 116 31 109 30 126 123 63 73 79 58 4 112 69 90 45 6 20 88 117 86 33 18 102 44 147 139 59 24 101 87 146 38 10 120 49 142 70 12 115 129 134 92 34 91 56 100 41
0200,1,true,false,188,2096822804,45 153 117 104 129 181 168 172 103 185 8 123 13 195 119 136 33 55 193 165 44 5 84 76 130 27 56 6 74 15 81 60 122 93 198 192 111 100 174 110 132 135 71 38 86 183 4 146 177 68 90 89 179 80 128 155 166 164 197 12 53 34 59 176 139 14 133 57 1 138 109 46 169 152 79 82 75 140 94 83 108 47 32 22 62 171 63 73 28 43 101 29 54 96 77 118 134 40 184 61 170 70 154 24 11 196 156 190 150 17 16 95 167 121 157 0 148 141 50 149 199 91 147 159 107 18 113 3 88 10 182 21 126 112 189 37 36 163 114 49 35 131 142 85 20 26 97 25 188 175 144 116 31 178 143 173 69 67 30 99 137 87 48 72 105 106 66 186 41 102 145 92 124 64 160 161 2 194 51 191 125 58 98 78 23 187 7 39 158 52 115 180 65 127 120 19 162 42 9 151
0250,1,true,false,335,2707886346,165 51 104 211 5 42 82 203 147 39 175 234 208 52 190 155 89 168 180 79 186 17 183 243 95 66 125 64 68 157 24 97 228 189 130 162 118 209 238 84 11 41 236 194 193 111 216 170 136 233 171 140 145 231 219 36 50 88 225 169 128 62 98 156 116 160 87 73 135 133 191 108 181 110 167 20 38 4 57 212 146 176 59 90 121 117 27 120 48 37 94 14 242 241 44 217 174 96 138 161 129 16 22 143 201 85 240 195 109 80 226 106 25 47 115 54 134 105 107 45 142 220 207 158 77 102 23 178 248 227 70 244 163 7 60 3 179 61 40 149 18 224 184 103 31 13 188 100 74 237 182 76 72 91 99 187 21 69 164 67 46 204 141 198 200 28 49 192 124 159 26 114 71 177 173 63 122 119 131 215 43 29 246 245 197 93 172 221 34 153 12 33 205 112 210 92 223 75 229 154 15 230 101 239 55 8 249 213 247 126 123 32 196 152 222 137 1 19 81 0 65 148 185 214 232 199 139 206 10 53 202 35 2 127 83 144 166 235 58 218 151 56 6 132 30 86 9 150 113 78
0300,1,true,false,489,5229347742,198 9 33 193 16 172 215 82 273 254 94 83 269 285 253 279 159 207 154 184 91 276 131 227 47 26 220 133 122 93 15 24 251 62 119 185 173 12 53 34 216 136 182 291 199 71 178 143 14 230 60 81 277 78 226 97 113 90 39 3 109 204 56 128 245 191 64 168 140 183 6 129 100 162 155 166 260 31 1 19 280 209 203 160 4 262 281 165 264 202 101 219 292 18 229 58 98 8 80 228 152 144 286 150 17 135 125 263 258 232 121 249 242 11 270 146 246 265 134 266 225 233 55 111 247 139 217 275 222 190 206 95 13 52 54 175 23 73 63 72 145 102 157 256 212 238 259 272 42 171 37 298 169 231 156 5 194 132 38 161 186 283 96 271 288 110 25 106 170 70 75 241 92 28 284 164 158 105 268 210 200 67 69 88 289 278 142 221 257 68 297 124 87 189 40 59 57 255 293 20 27 201 0 148 147 29 181 32 112 197 10 149 299 282 2 205 252 237 65 22 89 290 213 223 99 151 235 104 30 46 138 141 86 36 224 108 85 35 49 234 195 267 196 211 179 294 44 84 248 274 243 167 192 103 250 74 116 79 21 239 244 236 66 61 261 177 174 41 214 208 137 130 45 117 153 114 76 118 296 120 163 7 187 48 218 287 176 295 107 77 240 50 51 43 126 180 115 127 188 123
0400,1,true,false,854,12368218314,57 391 85 274 187 315 234 278 141 250 341 186 41 68 69 24 120 20 388 209 153 116 333 241 112 62 86 393 134 40 242 38 96 179 65 259 376 231 128 267 331 243 302 76 92 2 11 70 163 5 84 198 320 208 35 383 194 184 61 138 380 394 154 284 228 97 164 19 292 9 310 50 345 191 237 352 98 258 118 152 270 155 166 371 79 60 103 305 93 216 226 239 268 368 157 207 350 74 15 244 171 378 392 219 170 54 114 108 324 375 322 396 251 223 353 190 398 36 344 386 177 321 273 296 249 142 235 49 180 287 158 51 73 169 214 67 269 21 328 168 374 337 377 316 31 42 221 196 124 253 224 369 283 140 359 16 30 238 12 53 131 81 319 22 32 95 211 167 357 48 182 172 37 59 210 338 33 193 123 176 334 26 300 72 63 88 314 109 104 66 264 272 279 385 4 356 18 327 263 257 135 136 330 340 189 247 151 299 55 301 102 390 206 56 28 100 129 181 293 122 218 107 64 282 165 395 90 291 8 146 347 336 295 115 277 99 137 346 335 261 370 75 117 1 6 325 339 106 105 294 83 217 399 248 13 361 255 266 111 329 204 387 23 126 379 148 130 14 290 39 342 220 262 192 46 230 144 175 229 58 156 381 289 43 367 44 47 285 133 160 286 212 306 205 45 7 332 360 362 256 202 183 318 397 366 364 373 222 265 119 275 317 27 232 145 188 288 233 200 78 348 0 29 147 326 80 245 52 358 349 323 121 110 343 3 313 298 309 246 94 382 25 297 213 195 34 113 260 185 203 254 363 10 225 308 149 199 91 355 351 101 161 307 159 311 252 276 87 384 354 173 303 281 178 143 89 227 236 240 312 197 365 125 139 280 150 17 71 389 271 132 372 304 174 77 162 127 201 215 82
0500,1,true,false,1195,15672753783,333 123 211 95 448 0 326 399 54 425 491 410 475 485 219 499 332 131 227 329 323 336 64 30 340 159 115 43 304 498 252 92 214 467 431 360 206 428 164 141 22 461 445 149 139 372 63 277 137 99 77 402 315 269 71 192 3 401 481 60 213 233 488 236 166 4 9 414 413 20 433 338 442 368 13 255 42 262 75 443 203 374 421 125 87 391 199 52 247 301 15 74 350 248 172 73 69 463 105 253 177 146 444 479 472 14 276 362 208 380 31 356 426 419 305 216 437 403 423 51 24 275 290 293 439 202 183 41 185 347 369 378 451 299 226 353 116 28 348 57 325 454 297 118 222 90 49 335 261 2 377 240 12 140 83 102 67 469 225 406 218 483 194 405 339 157 375 317 473 420 302 143 19 65 320 6 56 430 186 204 223 50 480 259 32 271 396 312 130 438 493 34 215 120 319 477 196 228 78 387 490 452 154 474 68 127 418 354 18 449 390 174 138 96 435 373 478 145 114 170 429 91 455 101 351 412 344 39 169 345 264 209 263 404 322 309 286 160 234 381 465 359 86 126 16 272 292 379 93 198 129 306 409 171 242 289 94 341 36 495 179 388 313 361 162 496 72 300 282 46 55 462 250 37 487 367 331 281 58 29 492 450 244 363 288 294 382 108 327 168 416 17 150 121 238 23 295 257 386 260 53 155 422 239 103 148 434 97 457 334 376 109 112 180 311 460 175 217 163 321 398 10 117 210 251 84 5 59 349 470 471 342 181 231 397 26 220 124 447 355 82 1 110 182 7 365 85 427 279 165 25 237 158 221 273 187 142 482 287 111 132 241 195 497 476 489 224 453 178 133 400 66 40 189 371 88 441 190 343 337 346 107 254 151 424 61 284 161 144 415 392 358 136 106 152 486 173 246 8 285 440 191 235 278 201 100 283 308 135 417 383 153 62 212 268 468 364 47 394 128 197 119 11 494 70 176 256 307 298 184 104 266 310 366 411 33 200 207 318 113 48 79 389 436 432 258 98 408 21 232 267 188 45 229 458 384 274 38 280 296 357 466 134 324 330 385 147 328 459 395 446 245 44 484 205 393 122 89 76 156 81 291 27 265 303 167 456 243 35 249 80 352 270 370 407 464 314 230 316 193
0600,1,true,false,2721,32593142288,574 360 138 493 552 77 119 381 257 543 575 271 474 34 497 81 60 74 517 182 424 93 122 212 168 319 28 382 141 294 479 251 417 160 263 377 240 150 17 288 121 437 47 233 503 453 191 363 330 435 318 292 82 215 56 164 303 414 544 325 279 159 242 383 194 208 327 369 502 322 430 207 582 421 51 24 551 413 5 477 174 469 247 229 58 392 480 375 111 226 45 125 419 220 26 179 422 266 80 211 108 85 175 521 444 102 145 351 162 489 107 0 148 452 302 109 510 223 200 282 186 443 359 128 195 73 75 70 99 218 505 9 259 22 583 468 387 427 393 23 376 196 420 27 117 224 535 92 69 67 2 561 546 268 467 217 230 144 498 158 129 6 321 539 408 79 496 548 36 91 276 436 488 329 562 354 352 101 432 495 254 394 201 520 460 506 296 203 545 524 416 367 532 471 169 442 221 1 558 189 185 43 90 68 400 401 98 320 566 380 353 167 231 357 255 273 332 61 289 293 198 41 134 118 534 104 18 395 15 458 407 449 269 153 235 305 556 238 299 323 406 399 54 202 38 356 599 569 225 184 362 336 589 579 165 178 143 335 398 127 434 576 42 272 216 7 219 116 256 140 459 560 538 342 171 333 316 527 522 465 19 390 284 564 418 113 78 283 96 428 450 501 210 491 446 379 204 309 16 542 166 155 470 508 126 86 50 270 146 344 594 313 339 205 592 455 97 183 509 374 308 475 457 499 137 358 281 154 484 253 285 426 563 258 170 161 249 355 445 37 298 29 287 173 485 473 486 64 135 388 20 415 346 177 553 239 290 348 89 463 187 515 163 559 396 190 228 106 371 528 490 448 461 123 206 568 197 252 537 487 557 83 94 243 157 507 31 264 315 586 59 297 397 584 370 596 476 280 331 260 573 214 533 516 112 312 30 71 405 447 482 403 514 176 227 431 306 87 124 267 529 500 384 181 53 12 209 35 595 391 152 244 139 511 250 531 21 464 368 275 550 404 232 248 66 236 237 65 519 120 438 343 361 62 373 286 52 307 454 142 429 378 277 412 151 261 147 540 350 172 110 530 14 585 590 341 234 311 386 365 366 72 492 372 572 409 149 472 338 48 478 433 326 555 295 49 345 188 136 241 10 364 193 33 536 451 481 3 245 222 32 385 105 494 565 525 337 103 570 512 100 324 483 317 410 504 314 55 554 578 598 466 547 115 8 349 518 88 44 63 4 262 76 439 310 133 57 278 541 46 587 425 423 593 192 441 301 389 156 581 328 580 513 40 456 130 131 39 462 334 13 571 84 526 265 246 440 523 199 291 213 588 577 114 347 549 274 402 597 300 25 591 95 11 340 180 411 132 567 304
0700,1,true,false,3653,35983096281,405 307 504 110 459 585 209 514 372 182 226 128 341 227 120 24 593 180 111 220 599 282 466 252 367 402 219 206 560 76 102 115 401 26 97 427 669 147 594 305 135 617 104 70 86 470 107 695 640 84 61 500 53 299 552 278 434 291 455 3 613 449 681 60 671 73 555 262 476 279 238 178 391 668 0 548 627 330 130 598 308 208 399 137 163 588 364 605 406 458 293 106 272 420 419 535 651 623 129 48 507 498 251 35 101 317 27 615 267 109 522 621 138 96 170 30 424 161 430 249 349 295 525 545 100 478 506 289 618 597 423 257 497 57 63 630 14 81 319 95 666 236 321 484 154 569 491 71 332 562 635 437 439 38 390 650 50 74 550 697 301 164 91 218 52 546 394 659 357 381 454 520 557 255 565 239 311 8 647 158 273 582 192 602 49 413 105 4 7 314 392 159 607 477 80 143 415 481 537 573 396 690 495 296 603 467 678 596 93 179 16 589 457 153 503 361 492 72 554 468 642 312 15 300 160 306 625 234 366 55 127 98 229 456 543 418 113 103 485 25 258 463 587 116 290 577 174 609 407 58 31 616 523 324 108 532 186 292 473 527 168 146 198 636 235 544 340 339 169 624 275 162 37 513 23 43 676 328 397 200 417 677 176 356 376 670 600 591 199 622 518 354 482 464 28 689 348 172 325 479 141 136 327 322 359 2 490 584 261 329 175 568 346 595 285 371 509 117 150 578 639 450 610 46 333 276 631 493 245 228 688 512 36 191 355 472 683 247 385 628 694 502 698 665 181 242 47 64 436 539 541 412 531 576 256 144 274 375 580 21 496 20 231 662 42 626 119 87 524 65 204 167 679 142 59 124 663 121 641 475 501 516 79 82 657 633 145 69 201 78 336 553 12 189 542 246 446 526 337 171 521 287 75 570 155 421 363 92 489 505 134 441 508 386 286 152 579 674 686 41 283 672 139 151 212 440 643 575 604 187 474 190 487 620 428 316 612 213 126 389 656 471 294 379 646 444 347 353 177 302 320 362 435 661 448 699 447 515 1 608 344 561 644 284 241 425 540 563 318 592 264 131 664 408 377 384 196 211 165 326 632 528 453 133 123 369 445 606 559 380 51 558 19 443 259 5 571 277 345 433 511 132 270 149 184 54 429 22 297 62 202 685 460 536 298 223 403 586 658 323 564 240 77 452 66 637 696 572 645 188 614 67 469 351 378 89 358 411 370 583 243 556 530 462 486 313 352 654 693 335 250 140 350 551 638 207 157 601 29 480 673 451 680 409 431 280 216 17 494 248 44 45 125 331 667 682 260 99 438 360 388 660 309 221 442 395 338 393 315 343 590 11 112 94 205 416 18 529 173 400 691 203 265 310 611 414 410 304 655 166 368 215 382 517 488 499 426 567 510 398 652 365 533 56 6 148 197 233 217 649 549 687 34 253 185 675 619 114 68 222 303 342 648 9 118 534 40 269 195 230 244 90 39 232 85 422 581 692 334 10 214 288 461 156 281 432 32 122 538 193 33 224 547 629 634 266 83 194 483 387 574 13 268 263 254 404 566 210 183 237 465 684 225 383 653 373 88 374 519 271
0800,1,true,false,7119,50371487802,540 277 245 480 70 444 447 222 298 586 797 140 226 33 94 680 9 292 263 337 93 149 184 225 579 217 103 443 179 658 265 340 100 731 511 438 302 243 556 199 253 77 454 27 717 677 176 569 344 209 201 57 382 676 65 726 666 712 770 393 346 177 240 644 415 205 736 41 572 107 595 763 195 601 708 242 48 577 752 646 134 291 596 84 81 219 681 642 741 715 404 405 785 533 640 236 627 505 707 159 348 0 705 116 332 594 584 553 625 413 590 743 19 204 499 198 223 316 430 449 567 104 218 360 751 641 783 194 126 491 280 379 35 203 502 769 521 503 487 276 630 612 351 132 685 111 188 437 294 83 117 495 32 322 498 37 10 272 616 45 525 365 260 508 283 434 358 697 723 173 517 135 329 361 308 73 193 635 51 301 673 123 3 369 574 592 400 683 187 321 672 549 526 779 542 665 426 97 516 733 285 79 729 191 17 748 373 408 468 224 47 206 175 501 410 489 106 615 227 602 678 796 477 657 536 7 559 568 374 110 631 162 496 548 469 312 287 753 230 698 80 721 401 327 121 696 456 76 156 381 165 75 368 58 229 737 739 364 589 278 591 220 436 24 520 286 711 633 789 154 570 529 127 137 362 509 771 560 131 566 530 674 551 323 303 795 119 61 463 88 53 160 6 248 67 669 40 150 610 284 761 300 398 452 546 68 336 446 390 349 320 262 647 304 772 645 486 634 66 357 386 632 774 648 324 5 626 686 727 207 448 606 56 254 120 483 527 163 315 145 706 273 296 370 475 282 181 735 755 547 794 532 295 239 377 719 558 694 746 457 395 490 786 392 258 564 136 639 435 514 732 411 112 388 168 585 573 478 784 231 588 8 256 450 710 172 182 425 440 539 750 74 15 91 25 125 334 479 152 178 29 652 758 313 512 62 197 167 418 481 60 519 687 157 515 587 484 492 793 451 768 268 659 724 682 445 656 744 55 700 621 749 531 522 618 113 420 26 778 166 221 599 16 524 359 740 109 504 650 190 30 133 18 416 562 325 148 130 14 580 115 118 497 787 464 636 417 71 620 128 765 44 274 476 745 396 472 63 470 31 380 124 701 235 598 196 637 623 244 146 310 538 782 742 660 228 129 406 372 613 703 402 147 299 38 96 689 722 429 330 266 506 550 271 507 670 376 485 432 259 465 237 317 675 13 213 186 688 355 305 738 23 99 412 528 419 164 790 102 571 781 455 87 518 583 695 142 11 565 4 385 607 331 667 59 545 269 494 105 153 36 352 792 264 459 760 423 92 326 649 98 208 720 427 597 493 138 704 716 212 216 289 535 734 238 290 513 170 69 557 460 371 473 482 158 232 614 414 593 214 20 255 466 171 709 85 353 383 143 554 462 86 270 407 34 341 422 169 664 424 261 335 151 139 192 108 95 211 39 788 693 252 267 582 725 72 619 655 90 311 534 690 617 561 798 251 780 611 233 488 394 350 22 333 747 643 403 461 728 241 651 555 523 578 718 174 50 544 453 791 581 293 122 638 442 202 757 679 467 314 367 458 762 604 2 215 82 319 662 766 52 384 474 431 342 89 257 1 101 628 54 563 28 43 730 343 624 347 354 692 537 363 775 234 661 702 767 603 288 776 249 576 699 247 307 155 713 78 46 183 609 764 691 799 339 622 600 668 279 391 200 21 629 281 541 654 297 754 306 189 345 64 409 375 759 42 185 543 161 356 777 399 12 210 338 433 756 441 714 387 605 671 510 389 773 250 397 366 180 653 500 428 471 318 114 309 246 439 552 378 275 608 144 575 663 684 141 328 421 49
0900,1,true,false,10685,61103764436,399 559 90 609 407 458 406 511 718 2 562 843 831 57 214 273 555 495 858 687 394 671 105 499 521 111 899 356 201 236 666 41 800 696 470 176 103 702 494 884 384 479 570 196 119 667 554 591 255 774 871 91 268 465 602 853 601 801 549 163 375 180 23 184 746 379 709 493 433 316 789 264 31 641 320 633 229 217 401 432 374 649 844 428 807 159 508 221 538 447 482 182 26 768 223 3 586 224 333 688 42 171 519 121 805 302 109 177 646 739 367 532 608 786 64 542 822 36 363 5 625 497 603 752 869 455 595 107 823 691 425 826 239 640 854 134 490 6 21 139 376 259 658 711 568 729 579 25 292 873 879 169 491 319 337 323 513 145 610 148 143 654 267 758 498 576 759 1 75 474 211 434 876 773 185 689 94 483 216 834 730 771 795 527 617 543 355 0 651 8 383 327 763 17 263 258 79 77 852 878 471 588 565 67 69 473 648 291 199 113 305 676 205 20 723 788 522 460 505 153 501 528 850 404 575 437 578 76 141 100 762 657 523 200 751 22 451 106 56 638 452 391 862 206 547 655 254 378 429 170 132 50 818 686 365 725 708 574 135 748 507 695 382 7 680 146 622 816 330 770 38 278 731 227 350 414 456 73 685 52 313 412 544 112 536 228 790 226 92 49 35 715 403 705 744 534 81 86 37 769 405 361 791 294 743 785 864 531 897 360 537 714 347 754 571 693 737 552 740 670 464 636 604 694 860 596 817 467 584 466 123 798 883 338 421 463 187 472 520 14 247 890 781 793 178 114 506 423 388 749 409 597 299 353 12 166 329 457 503 296 410 504 138 84 424 567 157 207 782 661 102 274 370 529 283 819 764 115 480 802 673 848 13 72 445 142 898 343 760 232 253 133 422 663 837 747 349 496 652 286 882 168 868 46 275 814 314 611 569 842 526 242 767 684 665 735 778 692 558 824 108 645 613 675 872 295 257 381 647 122 198 620 287 540 572 765 486 894 297 222 618 478 626 188 345 324 776 398 396 190 359 811 55 533 515 459 61 475 477 165 282 373 27 117 512 810 66 325 300 83 194 137 838 679 144 607 733 668 548 650 393 315 371 518 99 704 212 197 34 653 400 97 517 530 698 88 598 736 47 866 643 612 183 209 468 742 276 615 891 4 262 309 628 589 68 179 796 888 430 889 235 546 215 682 417 561 442 849 585 825 18 799 783 418 454 411 58 659 85 539 738 577 397 328 632 896 390 39 172 310 364 11 340 564 697 155 150 63 672 380 727 265 787 815 635 218 248 312 101 551 24 93 867 318 813 419 870 44 435 809 246 446 855 334 710 301 827 260 331 639 836 317 806 745 10 630 865 243 440 777 174 634 415 847 444 541 271 366 386 833 289 33 43 62 230 339 719 631 203 387 219 80 266 129 606 845 195 98 753 509 875 886 846 830 732 293 128 357 703 431 311 234 118 761 690 582 124 372 492 261 720 624 164 829 550 127 880 231 592 893 674 308 413 803 820 30 303 485 213 40 780 220 443 59 828 524 284 481 623 426 28 252 237 65 402 841 678 892 804 449 225 279 158 51 861 193 151 162 322 573 167 408 210 290 619 344 616 701 249 161 126 277 131 346 336 669 664 500 851 721 288 351 593 462 717 756 251 656 556 427 755 280 476 832 250 74 469 307 863 441 712 241 757 173 835 238 202 887 629 488 713 78 662 358 32 453 110 660 724 87 104 779 175 385 332 19 583 450 728 60 681 348 389 750 448 461 191 683 368 706 734 808 484 89 436 557 15 192 716 326 525 95 563 516 304 152 354 352 840 560 644 895 285 699 510 29 181 637 722 797 416 130 587 677 140 395 270 272 342 856 594 136 244 566 54 700 489 580 160 186 245 605 256 147 877 45 125 70 794 726 208 48 189 71 116 859 156 881 885 857 82 233 9 792 514 341 204 96 438 812 362 707 154 784 553 839 321 581 269 281 614 874 535 392 16 627 420 53 120 599 149 306 741 369 487 590 621 772 377 240 335 439 642 766 502 298 600 545 775 821
1000,1,true,false,1731,239199632699,941 834 833 829 823 820 807 806 784 923 773 761 756 909 755 754 735 798 724 716 713 690 683 949 957 703 663 660 626 596 590 942 586 582 579 578 552 551 638 496 559 494 898 486 971 479 518 597 434 432 750 671 430 426 956 425 420 416 399 395 986 392 501 391 383 382 366 955 347 340 333 319 306 453 300 607 878 988 296 410 289 723 265 908 984 989 275 263 460 719 246 787 250 278 355 467 233 212 210 885 200 550 999 869 185 180 288 978 950 167 166 251 490 387 284 487 162 737 875 502 435 507 157 446 156 731 154 799 149 760 890 148 139 409 193 500 131 891 619 994 132 127 187 220 497 123 824 196 121 503 120 936 330 117 594 144 252 113 109 732 730 658 104 600 695 515 324 602 532 492 351 101 394 659 97 107 95 704 223 667 94 433 894 915 545 328 864 568 974 437 90 362 961 153 857 82 81 74 243 858 728 85 291 67 55 591 51 746 229 125 110 169 43 621 650 759 60 32 635 531 929 973 882 273 548 998 255 939 664 699 279 911 316 584 186 682 26 57 239 133 905 726 146 464 769 385 151 414 940 653 539 25 827 661 489 19 77 63 639 593 143 105 483 693 907 947 423 353 546 748 360 472 312 16 694 879 224 280 722 37 581 226 641 817 15 899 953 14 729 245 10 9 652 627 93 412 912 404 811 734 697 356 630 24 216 927 935 465 753 831 795 770 376 714 648 793 830 335 22 859 930 788 128 852 87 677 457 191 686 309 28 152 914 198 241 171 645 78 789 323 803 408 305 238 933 896 678 576 649 622 58 928 813 665 493 766 338 991 926 234 8 601 508 549 30 380 75 168 780 802 556 529 633 65 320 6 705 417 740 948 424 343 710 791 781 235 749 34 170 262 673 758 372 855 304 140 242 41 92 537 317 488 976 860 253 448 89 786 669 299 797 513 743 150 17 411 910 808 339 206 536 841 747 903 561 277 772 44 485 354 33 259 70 656 825 524 7 819 895 541 184 540 192 765 636 745 739 482 215 303 835 480 172 634 48 50 451 442 5 776 4 777 165 796 775 463 213 13 20 481 580 445 2 307 794 913 112 526 902 525 675 920 438 708 271 718 49 176 199 134 982 142 900 585 846 40 534 762 640 572 413 61 400 498 752 135 917 452 966 979 595 21 990 609 276 211 359 23 738 327 884 458 222 418 589 204 346 244 267 504 337 293 981 685 419 764 373 916 31 742 375 711 260 628 295 225 687 261 227 477 79 767 203 866 964 181 329 209 292 680 643 268 785 570 969 535 944 850 790 715 544 256 960 476 605 126 358 839 182 822 173 865 751 655 388 398 893 122 429 91 771 35 179 637 872 431 161 564 809 888 623 632 231 943 696 264 965 76 475 266 527 449 876 439 608 344 367 674 66 588 736 560 533 814 349 1 848 801 247 406 505 666 218 100 396 951 517 828 506 651 402 815 269 676 810 553 867 631 386 684 604 310 538 918 491 510 530 792 462 519 985 205 954 861 86 870 444 53 348 967 160 826 629 698 342 958 297 454 116 995 853 83 874 194 983 455 470 555 849 147 727 201 778 52 842 369 314 484 443 403 59 702 837 12 230 249 421 54 603 108 124 757 598 473 569 516 377 71 599 812 499 509 522 3 118 334 311 315 450 158 282 804 782 592 952 466 332 474 805 975 368 197 119 854 18 46 461 543 341 47 361 577 783 744 565 558 863 575 774 189 512 397 618 763 441 56 202 365 456 96 547 478 393 73 188 236 668 436 883 972 654 721 925 183 977 692 613 963 36 523 993 64 459 39 290 881 138 129 904 357 897 970 313 98 832 447 818 707 298 258 934 992 945 583 102 80 688 155 521 325 644 221 642 720 106 248 906 887 886 219 177 980 567 843 901 29 45 331 566 422 0 115 195 615 130 691 851 72 190 836 352 856 378 471 379 301 374 816 294 384 318 321 401 257 350 662 873 145 892 562 272 345 657 938 679 610 281 163 103 768 821 495 370 270 99 137 557 38 207 889 542 625 706 159 880 371 88 611 468 364 136 336 228 701 428 741 27 554 800 844 84 326 712 62 390 520 240 11 178 847 254 563 405 606 614 214 42 931 962 164 175 646 587 840 924 363 838 779 427 322 733 141 987 528 232 700 111 407 647 725 868 114 670 174 997 208 415 68 624 571 922 302 877 285 440 617 672 514 237 709 689 381 616 308 283 968 469 217 620 681 389 274 612 573 69 717 511 574 287 845 286 996 946 959 937 921 932 919 862 871
1500,1,true,false,3608,150079477135,1348 1345 1371 1343 1303 1302 1300 1272 1219 1199 1198 1176 1167 1154 1150 1138 1127 1249 1114 1111 1105 1095 1088 1082 1060 1401 1034 1033 1008 993 950 939 1100 938 919 884 882 1039 879 877 958 872 870 1118 827 819 817 1313 956 792 748 1433 715 1391 714 747 986 704 694 1210 689 670 920 1241 662 1193 762 650 626 620 600 1126 1280 577 574 888 1213 568 567 556 713 536 1468 534 524 995 513 503 1354 746 1332 1043 495 719 608 844 1007 482 1159 478 464 461 723 885 846 457 1308 436 727 433 430 429 1380 1301 418 826 784 411 409 953 655 399 1492 742 497 397 1240 907 1340 1352 391 380 375 1218 794 1346 372 975 1297 357 355 1262 587 1243 1247 1251 325 303 526 701 516 1208 319 301 931 1098 293 283 278 276 275 1051 1190 254 1261 730 458 1109 926 1399 297 1239 389 1206 1141 253 604 246 1328 226 222 848 593 665 1063 558 552 220 1040 474 700 1242 358 484 1226 205 204 1447 945 279 928 612 914 332 203 1158 193 716 188 1209 186 962 185 182 823 1373 181 1361 1211 1436 215 982 582 1458 177 913 751 176 441 678 897 1312 998 1177 1324 467 875 640 813 261 1368 174 1089 1075 168 160 155 449 158 142 140 757 1482 903 485 643 540 1292 1106 586 1205 510 590 809 1306 1310 773 891 1228 1488 1372 1055 575 614 645 745 378 1315 1107 137 129 717 712 496 115 572 1443 917 788 1323 104 265 1119 707 248 1435 918 1056 1011 521 102 1032 470 400 101 1327 471 1204 1273 428 1318 462 100 207 691 95 1097 89 511 814 80 637 342 909 1189 970 79 1454 594 1090 363 1024 67 1266 132 111 999 291 262 1037 737 88 954 1252 1264 352 598 930 542 395 1065 426 532 64 782 321 839 424 1375 529 61 842 190 59 240 58 941 611 1223 1470 589 124 1254 1146 547 1116 230 446 1023 531 1338 916 1235 1246 770 811 423 733 490 1125 252 906 752 835 99 1442 1263 602 765 1186 438 1048 308 146 578 57 629 1212 49 41 1427 187 815 1160 1237 1270 696 901 1426 266 985 1120 1103 1325 480 117 607 40 408 987 613 806 145 32 136 1428 1144 38 829 1347 996 667 272 1121 632 28 241 24 347 1059 1274 559 997 1038 1104 852 73 1396 1471 557 110 963 432 630 420 841 231 1078 143 658 785 967 1057 1432 268 563 865 898 802 169 1236 1067 799 683 219 1102 264 1411 370 808 439 779 1194 1464 23 119 977 173 406 1069 1446 721 1418 793 149 123 498 1130 673 519 1330 244 863 661 1452 543 679 732 71 447 487 486 1311 180 892 1080 1068 270 1091 868 729 750 1477 904 195 412 337 105 329 603 545 317 1170 211 1005 1099 318 591 1314 1285 20 134 889 179 731 1175 1136 1234 477 1045 1430 761 1253 356 969 1203 900 17 672 652 483 216 15 1467 890 1276 384 862 1062 16 475 1260 218 22 1357 1131 1142 562 948 530 946 431 1077 66 192 541 539 1086 854 615 677 1169 1393 30 880 1291 315 971 1390 1052 284 1157 1335 1326 754 1123 1255 525 1440 1469 348 247 1151 367 617 522 1389 1294 27 1365 858 1342 1461 209 481 1166 320 6 1172 994 60 1398 1459 333 300 1002 1182 1316 376 1054 1133 55 1148 312 1149 609 338 476 1406 125 466 1408 718 859 128 93 1381 1214 739 1108 1278 627 306 1096 796 743 833 1282 5 366 305 307 310 1015 130 1225 379 228 150 660 1333 1363 116 523 91 271 1434 623 936 135 323 992 851 912 479 1217 191 663 990 1220 139 1135 548 726 460 1071 1478 1409 711 876 1295 29 54 1161 144 1012 922 427 686 3 1233 1281 764 118 850 324 374 1296 1058 697 695 871 690 1128 1155 1230 1299 570 1481 635 1115 156 965 908 565 1321 1496 1112 1336 494 934 1022 224 1319 1256 744 759 1364 1466 896 932 1460 1092 828 353 1178 1356 606 336 1171 1283 937 1201 705 81 1140 1341 1187 74 316 1003 351 878 465 349 597 1309 1028 1101 260 1110 414 250 238 326 1437 249 781 681 1320 1222 345 214 771 618 1017 1084 1384 359 1415 674 26 11 1351 1117 724 968 1379 1004 1076 1195 122 499 1083 680 34 517 927 1388 581 44 245 444 921 1016 445 1031 853 147 1001 605 520 419 1329 1018 1179 1370 13 1405 616 769 1424 425 1191 1444 371 573 237 1439 856 350 625 735 1475 583 668 256 1376 847 1490 836 1244 1238 702 1286 289 576 653 1009 1377 537 1267 251 56 202 450 236 83 394 1359 21 390 282 1288 544 619 1000 957 92 1451 52 684 1153 133 387 362 1412 1317 1035 69 1073 763 327 1036 154 403 77 382 364 910 1134 831 867 855 688 580 566 1030 961 274 820 448 1152 0 354 966 840 1072 51 1416 514 1085 805 159 213 295 296 642 874 710 786 554 1337 1450 1113 1407 659 361 1395 335 171 610 1489 1094 1334 14 1369 85 1231 385 1331 175 217 515 830 973 656 121 153 1183 1268 1279 989 1145 1164 377 947 1245 239 489 569 113 78 801 469 491 734 646 1200 864 528 795 1400 923 1293 1353 787 339 290 199 883 564 161 1081 728 183 294 235 1483 1463 1019 1197 1392 555 405 322 1486 269 369 949 1173 299 437 706 453 1139 94 263 768 980 455 1423 157 1457 1137 1049 84 96 1021 70 899 991 1168 189 343 1041 1420 772 360 493 197 512 886 1497 75 800 454 628 346 873 103 502 976 1425 518 1087 592 821 699 509 824 988 1358 816 943 749 649 196 798 440 1257 648 227 501 1271 1248 942 131 703 549 972 1196 393 255 65 777 9 1006 242 546 902 267 212 62 1014 206 82 857 585 636 974 456 120 895 551 417 223 1093 18 818 98 601 955 208 48 258 401 340 1397 328 692 31 416 812 138 560 1491 151 500 1498 599 550 127 365 1132 309 39 1290 1165 472 881 1362 373 1360 166 905 107 1227 12 1394 434 553 232 1053 631 1403 789 634 381 383 162 404 1026 233 42 1184 50 1453 1456 810 45 229 1029 929 1 1387 756 398 1013 488 287 595 915 1275 790 1480 775 112 741 797 25 951 561 1042 571 43 588 314 386 979 178 736 407 638 933 311 834 172 410 725 760 8 758 1304 330 10 1476 421 1419 298 37 753 791 894 165 1188 738 2 1385 579 1473 533 1215 442 468 624 1265 504 402 1484 164 114 368 651 392 63 807 508 682 492 861 331 1061 422 720 654 804 1449 435 341 944 803 507 163 675 669 527 596 1156 1020 924 1413 1339 981 621 1162 148 1066 72 693 334 1289 1064 1129 210 708 1404 288 935 225 184 647 35 108 1124 109 1366 1202 76 1025 822 1374 845 893 1192 1402 538 1431 843 1074 87 1487 106 1382 1258 676 776 960 584 7 86 1050 911 280 687 46 167 53 535 1174 451 1207 1269 940 1448 1474 313 1287 234 783 292 273 1344 1232 1298 413 1122 4 1414 1493 766 978 780 633 200 1494 1229 388 825 774 1185 194 983 1277 257 644 90 925 1383 1070 1047 887 302 505 1027 1180 221 285 36 463 141 1410 1250 1259 1441 1181 869 755 198 1417 97 1044 19 1143 1307 473 126 281 1438 984 641 452 304 1499 1079 33 243 1284 959 1147 459 860 838 1163 277 964 1216 344 396 259 1305 1322 1455 767 1224 722 47 671 1221 443 152 1479 866 698 778 201 1429 622 1462 1422 666 709 849 506 740 415 832 664 685 952 657 1010 639 837 1046 286 170 68 1495 1472 1485 1465 1421 1445 1386 1367 1378 1355 1349 1350
2000,1,true,false,86513,8985268576,467 247 801 325 1644 90 791 3 49 504 509 1824 450 1764 884 1570 1667 990 1378 821 1181 1675 616 620 245 48 778 868 303 1117 27 1819 1811 708 214 646 97 1014 471 370 1815 582 1292 1192 1131 976 1066 755 513 1789 1111 1334 1490 1237 80 1005 1536 1144 263 373 1109 671 1787 498 536 1612 837 257 401 18 1616 1283 1396 1912 552 10 197 828 1651 1884 458 1146 177 300 402 1347 1220 1754 313 830 1885 379 1255 1620 606 938 493 688 483 732 459 848 516 1933 1529 915 1468 1817 190 124 213 1681 906 1493 1209 1419 1862 1938 117 1519 1408 893 32 259 1278 1355 1560 1775 1963 36 1450 879 1085 1581 1663 194 1087 1119 422 1383 1878 921 92 384 772 227 1180 1442 1559 222 1418 1081 1741 989 1176 634 1302 1561 487 1765 57 1280 1822 1702 1914 1079 1731 712 1357 395 1528 1196 1900 956 140 363 469 948 775 987 185 1782 1246 936 330 1259 1804 1115 1952 1369 1028 1619 589 631 315 1363 700 1054 674 1105 1609 1147 1673 515 1636 858 1414 353 1683 1429 1705 894 1650 139 1033 354 1184 1520 1994 279 1643 1062 1433 8 233 388 89 739 745 1941 1140 142 100 1597 1370 1924 87 1740 1356 1674 564 1243 297 25 619 47 1809 1281 1975 13 278 1250 1737 1830 51 1656 1833 577 518 952 581 1437 556 22 696 1228 1984 697 1389 1986 1783 1016 1812 1996 649 1179 1569 957 1175 1719 790 1254 1801 28 1439 1516 1012 947 1978 675 418 16 127 855 477 425 551 1276 284 971 904 1367 4 1537 1627 770 143 1936 95 1279 1212 768 1871 293 1214 52 657 1968 268 1955 1475 1238 686 1006 1567 1891 1263 1275 1726 757 1295 1080 811 1646 1480 876 602 310 424 1061 224 534 118 1467 71 1875 346 109 1742 1151 966 182 610 1647 1230 316 1937 1614 1947 11 1918 351 1036 1315 1708 562 1007 1845 1572 1796 50 808 679 502 145 419 1311 1168 1074 788 1257 1867 1793 1241 1471 1842 473 569 1222 731 1839 563 1639 672 1336 404 1925 846 1040 1571 1552 1491 1874 122 1893 754 9 531 1322 1706 1772 668 1827 1262 663 250 1078 1928 1314 1959 1265 525 63 872 1125 804 1921 842 1298 1217 636 29 796 789 586 298 1221 1038 1174 670 1258 1931 171 985 553 1231 1743 1934 897 1204 1031 598 408 1926 1341 1899 1132 994 1566 1990 241 1195 1499 1 1942 1466 195 615 130 733 1190 1610 1523 1050 925 514 687 558 914 1051 1522 221 1462 1189 767 1114 1526 112 838 1542 889 46 1401 995 655 844 1260 1939 1269 1348 1454 390 1626 174 1425 1599 937 760 1060 397 863 1785 1353 1083 1497 1863 470 831 1956 1687 773 1123 1758 1443 167 1487 1397 265 1596 1053 77 1717 175 845 391 1218 1590 1128 928 1551 203 1379 1965 1746 771 333 1930 1828 438 1977 460 601 1704 597 1046 892 815 1549 1578 633 1386 684 308 825 1728 591 530 1735 1001 1699 158 54 1325 1756 1194 362 1003 1527 1949 209 587 1625 26 1964 1524 344 705 854 774 1880 930 149 1799 501 67 781 1308 1887 1201 576 1954 445 1600 1035 1864 913 1762 1293 341 662 1361 1592 1664 641 627 1426 554 1944 231 1951 1917 1215 339 1589 1573 1492 961 632 1779 1922 1478 1776 1453 1300 1652 1247 240 886 769 1206 1434 1604 1160 967 1684 1909 199 891 814 1693 1780 296 288 119 132 314 608 1998 266 779 1695 523 1709 152 479 1971 667 410 503 1112 1299 1506 1920 1886 851 1465 115 380 31 1438 833 151 1412 780 517 1376 1797 210 980 1034 1575 1784 61 292 277 269 1513 1193 24 499 895 1171 163 1339 1808 394 165 181 478 348 1897 444 1580 1331 843 1587 763 178 1139 1579 357 1303 204 121 1354 862 126 592 1324 1004 1682 434 1843 331 1861 1969 623 480 1288 982 1316 1697 933 1394 187 1501 1582 738 1584 617 426 389 442 1304 1840 1733 682 236 1188 1420 798 1881 1072 1150 573 69 1515 1161 806 611 882 1857 1387 1271 1319 1403 1677 1207 88 642 228 537 193 765 939 102 1486 1198 500 1655 1983 1538 903 1321 1837 1594 919 721 722 753 212 1332 1474 1449 1547 161 1094 81 1019 238 1203 347 1142 253 156 1121 272 749 535 289 1659 1048 1703 1273 260 1227 261 335 2 1761 1199 866 1916 75 301 871 403 1929 1457 1946 324 785 1326 123 1089 1343 719 1423 752 878 761 1970 1777 676 462 1371 847 869 169 82 172 1165 1286 988 549 1593 1985 1166 934 1550 472 817 1678 20 1018 485 1076 1505 302 643 98 1008 1831 932 1680 1297 375 711 648 1145 1747 1723 1242 575 1186 666 1701 1002 1962 931 647 527 579 1234 1855 1043 1494 1982 1405 457 917 135 1755 1888 935 1967 1832 1860 510 694 262 1047 920 997 1882 1629 590 1979 1154 929 685 1769 955 1101 1485 1310 748 343 1435 744 898 1289 797 366 1068 415 644 1821 409 1103 902 762 999 653 34 455 1071 1377 660 734 1689 546 714 584 570 1795 107 941 1714 1479 580 220 1037 1134 1836 723 1266 975 529 1692 656 264 466 593 495 1127 1638 96 66 1585 321 977 218 1159 1020 378 1463 960 600 1851 1500 1894 399 1058 1950 1252 1294 382 1182 1163 1239 1744 565 1406 358 1577 350 74 15 1834 614 528 94 1753 1829 1338 695 1818 113 1455 1224 420 1622 1045 1459 908 1628 1660 44 428 326 973 1473 256 72 430 1896 1172 166 1351 275 146 1264 431 1055 677 207 1342 1444 541 1284 944 1244 1129 1904 756 1135 832 1385 1451 205 807 890 864 1059 436 234 232 605 1814 1251 1908 1017 1411 1688 125 1010 1992 1185 826 1991 1972 304 1441 1574 1256 822 1541 887 1155 521 1057 160 1318 583 1245 111 707 873 488 1835 484 407 141 386 850 857 1759 1148 1191 942 1093 1178 1075 993 452 1745 439 246 709 859 453 1694 1786 1270 320 1065 1966 283 1200 683 1544 715 1248 520 78 1030 1416 1760 883 491 1948 0 1540 665 742 334 1816 759 60 899 1219 1177 588 1981 777 1104 1335 383 1153 1232 1362 332 1810 1869 1595 533 766 810 1751 728 1395 243 1791 1510 1722 704 192 309 1889 154 1631 543 211 1340 1729 159 307 505 560 1197 701 1290 793 741 1477 319 285 1440 416 17 1846 1092 1514 776 507 157 1042 1380 251 294 270 1352 978 440 1508 1082 959 1543 1152 1337 1469 1011 252 1067 794 747 1738 1327 1901 1509 40 1768 21 328 996 1883 1591 1974 1730 1721 196 1113 758 625 638 1365 223 803 1213 1671 1618 865 900 1456 451 1712 1015 836 352 136 805 1847 861 56 1404 1364 38 1615 782 1495 1848 1732 106 1623 1464 508 1734 1763 1806 746 1124 1757 1447 1388 1565 1630 215 1390 180 1470 1960 1539 176 1653 1069 693 1993 1210 411 1116 539 1021 1873 918 1358 1472 1988 229 311 596 1393 482 385 35 628 1460 1907 841 874 168 1803 73 465 1859 1482 312 691 1813 1903 877 1715 1645 1330 148 85 349 1118 12 637 244 640 342 201 45 737 1158 306 99 1980 940 963 468 1556 103 1902 1781 93 129 336 490 387 216 1032 809 650 153 547 1498 226 896 464 907 1557 1767 198 1496 1602 1665 392 280 70 1102 607 1794 1424 1422 1098 1130 795 1841 1927 1446 1710 630 1312 433 338 83 1077 1635 1905 950 287 1752 55 1413 852 1989 79 958 1598 718 271 972 1373 1274 1226 725 1208 1997 1919 290 1906 1562 1253 974 568 374 147 1229 853 1344 104 540 1333 1898 53 202 1056 1601 1402 1718 443 1770 1375 1287 1452 461 522 1940 681 1041 463 813 371 1088 824 1167 1409 323 787 669 39 1957 1483 954 911 417 249 727 1605 1049 164 30 923 538 1448 1052 1096 1670 305 492 1025 690 1169 206 1368 318 1458 992 1932 1641 548 33 1613 1236 578 1825 137 258 524 816 7 1305 355 1583 367 652 621 1720 1235 239 1945 219 912 1484 1063 692 1407 364 574 1503 965 1211 544 230 839 1000 983 1849 1634 138 1766 1328 916 716 41 23 208 720 1436 1532 1716 437 361 1698 724 1090 1525 1381 820 1554 743 1535 91 910 1750 1489 661 1240 1530 340 735 1778 1323 1953 713 860 381 43 1307 58 1029 1507 1349 1872 1774 1995 1558 396 242 800 1807 1488 1534 1372 1973 186 1669 337 1091 1668 327 784 1910 751 710 1156 561 1384 622 150 1533 1317 345 1309 435 1685 1588 1858 1876 1923 317 849 555 1095 1027 1461 909 1162 1445 37 6 1320 68 1792 706 1428 1277 1400 1700 1868 1607 405 1512 624 1013 1632 689 1662 618 1481 413 1108 1961 179 1548 1654 557 1915 1183 429 612 1009 155 1070 1282 1586 1658 65 943 1805 526 248 867 1398 970 969 901 1611 1637 1838 1391 76 184 225 567 105 834 659 802 1999 1432 1879 698 120 421 1911 1518 1138 1249 1866 1366 1421 1272 1576 964 880 494 1023 953 888 295 881 1502 475 949 1649 812 603 497 1504 144 1205 1022 1739 856 635 1563 1676 979 412 664 1617 792 393 585 282 1233 651 1024 1798 1430 1856 273 654 998 368 905 423 1736 783 1621 1044 1346 764 59 702 1686 432 1285 1267 356 5 559 1360 1865 1802 1141 951 1382 1749 1823 566 1431 131 1086 1143 19 991 1943 599 1870 441 1268 1608 1711 1892 1164 189 254 1291 170 1329 1301 922 1853 1225 827 133 1064 448 1820 200 740 1788 981 673 486 1987 14 1511 629 447 1890 1725 1417 1531 823 829 946 406 680 1672 449 276 1877 1026 86 191 1170 730 1633 173 360 1107 64 1691 1724 427 924 1553 274 62 1790 1313 84 365 255 594 369 678 1126 609 1958 1157 1517 1136 870 1727 1854 1850 1133 1476 1374 819 729 717 1624 1120 1392 1410 1564 134 110 1555 398 1521 1546 945 108 532 1844 1771 1773 968 885 926 1187 454 1415 377 414 1913 1657 1223 1661 1748 1679 658 835 699 489 1976 217 519 1800 1084 986 1666 400 1895 1545 1350 595 511 1606 818 1707 237 101 1202 372 639 1642 506 1100 1852 613 799 476 1039 481 235 984 572 496 162 1106 927 1640 1137 1296 571 1110 359 183 446 1149 42 1696 299 291 1399 281 128 1099 875 1568 1073 626 322 1427 786 1261 1122 1648 1173 604 329 1935 1603 750 962 1216 116 1690 1826 456 286 736 1097 512 267 188 545 542 703 1345 474 1713 1306 645 840 550 376 114 726 1359
2500,1,true,false,143224,122579988854,910 2141 636 1837 190 52 2107 657 762 1957 1418 633 262 1378 793 1411 832 1021 1057 2217 1971 2210 848 720 2212 833 2112 1036 1375 323 756 385 2070 155 1892 256 424 1054 129 2306 1072 44 581 781 139 778 1639 2082 1310 1252 1553 1220 518 957 1081 2196 1167 213 2433 1789 1762 1634 789 967 1603 1873 1982 209 2231 1844 901 1875 1888 1501 564 587 2254 1093 1015 2133 1275 1041 1027 1680 516 126 2294 1843 1133 1163 1580 156 176 1358 411 1750 2387 144 375 1341 189 170 382 1497 1798 931 121 712 62 2130 1813 1413 1129 745 2010 1263 2001 328 2372 1049 1654 2046 2388 831 1867 1371 2004 2051 1372 1359 557 707 2308 898 231 2380 568 811 1787 2293 2098 502 1298 1913 1632 1496 1754 1331 2153 827 1103 165 995 814 1075 1947 538 817 640 1503 1335 49 526 1735 989 2166 2405 447 1829 1538 1886 1669 443 959 1979 2148 1676 1281 1772 2220 834 2302 2124 776 1543 1946 272 1261 797 46 1556 187 1585 2030 621 1384 855 312 1709 1337 1743 562 2049 1390 1285 1712 1472 2154 1260 1822 1025 964 2175 693 2029 58 1525 1000 124 980 907 1214 2412 2462 675 1084 1350 1739 2334 2182 1164 1607 747 1841 1823 2299 775 484 55 846 1095 726 2457 984 198 866 91 497 2034 1074 389 2454 2458 2395 2389 466 718 2095 668 478 426 1050 1382 517 379 37 798 2482 1145 326 1262 2065 689 1245 1885 773 1232 1040 868 1796 836 929 303 1108 477 1791 2472 2116 1400 457 1834 115 130 1850 2068 182 2009 2192 1394 722 918 479 976 1186 1225 757 421 2363 2269 1546 1710 1564 1884 1776 1242 1753 2056 403 1239 1578 324 6 2286 552 702 281 2127 1159 1747 2263 1679 2307 1771 2438 1435 320 2229 1509 699 208 1677 708 1434 2494 1907 961 327 1624 108 923 1900 2317 1767 1757 1124 1803 1427 2394 83 2292 372 1026 2410 1825 920 2480 345 1666 1506 56 1636 2223 1422 300 585 549 193 1833 1344 533 880 2321 887 227 631 2240 514 1598 53 2155 671 2390 2371 2131 2474 1231 2325 243 2162 167 1111 2411 436 22 192 2339 1246 958 2422 934 1183 1809 1055 1066 2400 545 2257 1940 496 1467 1088 2227 1315 767 556 202 458 658 1929 662 597 2437 1324 1964 1113 523 2032 739 1256 1447 399 244 138 2055 661 1144 698 1729 2101 944 635 615 1014 206 852 666 343 1429 510 680 396 574 591 1939 1551 391 1852 2150 1478 1265 1423 269 1871 2096 1318 2385 2235 290 2258 807 2492 1954 815 134 951 982 1439 439 1022 1994 1879 1238 1583 1817 2194 246 1408 1385 732 2324 274 61 1284 1659 1190 475 2360 986 1628 1292 590 1398 1542 1672 2319 141 1629 899 911 1269 974 463 787 905 263 169 614 242 1365 1630 298 525 82 102 1618 9 572 1792 838 28 697 284 1593 858 207 1889 1714 1681 465 2427 1893 1926 341 1314 1266 339 681 322 1130 582 306 2467 973 830 925 740 936 588 2456 1686 1658 179 1039 872 655 2247 1180 2022 2221 1169 2202 2037 2350 74 367 813 1115 285 253 104 1924 783 2016 949 2137 1012 349 714 1674 539 4 395 2242 2283 1554 571 2282 1547 1286 2441 464 1077 903 218 305 125 321 554 700 259 754 152 840 1790 1345 600 853 1812 2265 2000 1221 522 1363 1992 1060 1638 96 1346 2426 2156 2273 336 1520 1078 2255 528 427 2218 1651 1741 884 2358 1563 162 1815 948 240 2304 892 576 938 1332 1836 1319 622 1357 685 520 1047 629 212 1140 1008 886 613 1911 618 2368 210 1289 580 1454 2123 641 1766 829 1976 2013 2241 927 1746 1228 1161 2045 1197 1397 357 1758 1986 347 616 2341 10 1045 1919 862 1480 1856 1304 1120 1158 1592 1227 737 2152 2044 1800 548 1201 1890 1465 1914 1527 1249 1579 1854 1279 839 89 1326 2057 1073 1519 2252 146 2048 1786 701 1511 835 311 1334 816 507 648 1494 1694 1135 1392 1166 92 1573 971 1436 1916 1962 2139 2236 2206 1013 1367 133 1631 1407 2473 1109 319 251 2495 1255 373 2418 360 2404 2351 1387 844 2419 956 112 2201 1727 524 1782 1922 297 1816 1977 1173 1230 1007 1277 605 2408 1775 488 2008 493 1317 1063 2449 2169 485 824 1532 2026 239 870 1468 2214 1421 1391 2121 40 1534 2018 2392 900 2443 788 2027 1728 1584 420 1297 2357 1759 93 351 717 1820 2102 1278 369 1035 841 113 2318 1153 2478 1778 1723 1218 978 769 1569 1944 2297 939 602 1338 1031 1353 12 626 1801 2211 1514 1861 171 804 1768 409 532 1705 1673 1697 1587 2092 43 1033 494 2336 1009 940 1149 2173 519 2125 1668 1076 1880 2430 166 555 1993 1571 1704 1967 2296 596 325 1316 1574 809 1475 1828 1070 1845 2119 1855 288 163 683 1560 2146 264 1118 1229 1617 467 1600 1968 2327 1664 1591 768 785 1858 51 1348 0 1849 619 1188 796 390 237 177 408 2181 2460 794 753 1037 1128 161 731 1195 294 716 2097 2300 278 2138 812 1599 2164 1396 2451 642 361 397 431 1102 1878 362 292 318 273 1517 2225 2260 414 2364 1683 100 1462 1774 1693 1403 1531 214 1273 454 2290 2346 595 653 2228 154 1450 247 996 211 1416 222 418 254 18 2272 2498 550 1575 979 386 933 563 755 184 225 709 660 1526 1199 1935 88 50 2453 1339 2402 2277 1760 790 566 1168 2490 2190 226 1847 1114 2249 1215 749 1640 1142 963 250 344 1577 1784 2383 2025 1485 2370 2295 109 19 142 381 1557 2320 630 1588 1742 1247 332 2268 904 837 2393 1196 1936 906 451 481 1570 2261 1688 1882 2244 1306 1290 2170 1096 594 442 1552 1065 1734 561 1652 1708 1276 1748 782 1752 1062 1490 913 780 795 110 57 1781 352 1568 1706 1516 1469 2111 2100 1558 2186 355 2089 132 289 1912 151 1491 1642 140 820 2195 329 1151 2425 1648 912 1366 2090 1999 148 2497 649 1223 1127 460 346 1586 1515 1943 847 1902 1991 1058 2006 800 734 991 2165 1865 59 652 122 570 1116 131 710 2031 1272 869 95 1444 2397 2256 2415 1860 21 684 2114 1931 1671 916 2401 1696 1154 628 2023 826 2239 1601 270 706 462 823 1996 1901 2301 608 446 1342 1461 1438 1646 1685 1464 546 902 398 506 30 988 2352 1051 2483 2448 678 1657 70 603 174 1177 1079 1473 1181 932 1131 883 1098 173 315 67 625 1189 149 2477 1419 1330 1819 875 2270 634 394 257 383 1539 2250 1788 238 492 1715 1716 2091 1481 2491 670 1068 1842 23 542 2340 1698 236 1604 410 2253 1248 1645 1950 1549 195 1995 2305 2452 490 1906 639 1448 2332 282 2132 586 2384 123 73 2203 1313 2161 2365 1703 1300 1406 2085 1389 1236 137 599 20 42 1518 2117 81 2386 1018 950 842 1969 2316 33 2036 2197 638 2178 1117 1814 805 11 2348 1502 1794 647 2267 2193 258 819 772 2377 204 428 1023 2376 860 751 736 879 1369 1898 721 1455 822 983 2487 1635 592 164 828 449 1303 1456 1733 2469 2356 1132 687 1953 1171 1373 610 2271 2135 217 515 2379 2071 1250 922 955 1536 1958 611 2204 98 2432 2024 2413 1749 366 1770 2103 455 598 926 69 1857 728 2496 487 54 354 1590 1925 694 117 27 2076 296 1257 1172 181 890 2188 1404 1597 417 760 2471 2251 1386 1513 1744 1921 1609 1675 1937 2431 1807 851 1795 1896 1059 1237 620 1806 1323 1399 1736 893 1253 1466 425 334 2086 26 220 1155 965 1017 975 1504 2369 99 2309 434 2088 919 843 1933 2167 941 1355 2399 1678 744 624 645 232 1175 2052 1505 2344 15 2074 677 2058 1356 1295 1613 1606 1973 1053 1908 1322 637 1793 1725 1004 825 2274 2298 1835 1426 2108 486 1970 1763 2378 2104 543 644 1650 1572 1717 1653 191 1876 1751 365 1187 234 992 513 937 32 358 1840 1917 2079 1499 186 1510 1119 265 1046 1780 2053 692 1567 412 985 1205 1210 1380 801 2375 748 1437 1493 252 2151 2475 1235 1495 2259 1001 894 2280 1614 1533 1941 503 461 1868 729 1859 228 245 86 1626 1425 1028 821 1287 1988 127 356 1492 1282 402 194 1483 1700 2020 2326 1928 977 2440 997 1401 448 201 531 705 2444 384 2289 1312 1643 1684 444 1097 1915 1952 313 1024 1482 1458 1061 2128 1463 735 500 551 1328 1446 2391 512 1810 1808 889 1340 1258 2262 2120 452 1689 2279 921 16 1122 766 764 1377 2446 1209 2337 1605 1846 97 2455 371 1799 2416 746 2140 609 2007 157 567 1107 224 845 1608 1899 643 1048 750 2064 2237 2 1740 64 1106 200 1802 742 293 541 575 604 1094 1405 38 504 1251 368 2238 650 495 380 924 1701 77 1956 145 1002 1440 1641 1178 1325 405 1217 579 2428 646 308 1508 1523 2329 1457 540 1010 1112 2435 874 1726 1138 1663 2333 2147 928 279 2447 534 1541 2144 2314 249 1085 1383 1838 378 741 2459 1351 1981 338 1521 1562 2499 299 2040 2035 1424 2303 2284 1157 882 498 953 1695 682 1830 970 1410 1224 2470 150 1360 1978 1320 2222 2061 271 2122 2063 1637 1707 1848 1451 1897 2349 713 2230 2158 2219 1150 1489 1110 2264 1219 2078 2041 307 1661 863 623 761 1832 664 1963 1721 943 469 1182 2406 1080 627 2066 2110 2381 2067 1895 2266 78 1987 1234 723 1949 60 981 1321 2118 1826 1627 101 413 667 1134 2285 2143 229 663 1082 1522 2488 743 1985 558 1296 2484 1431 1831 2136 1702 763 1327 968 2407 2191 1530 1071 2109 952 2409 2353 2493 704 2476 530 1827 419 76 2087 1042 908 850 990 559 676 972 806 1903 2062 1280 2359 1691 48 2208 1274 1449 1283 143 632 1528 295 1349 248 856 31 416 1030 917 2420 2179 1244 47 2362 1910 656 1965 1625 80 2234 1019 673 2011 2275 1797 2224 1445 87 401 942 1143 476 1029 1212 1176 480 266 1148 1730 1299 947 589 802 135 578 2015 577 437 1853 180 1311 1364 1308 1034 1581 849 1006 511 2434 529 1905 1507 2021 1596 1932 1989 39 2355 606 445 2338 994 1934 1270 1955 1067 1862 1086 2414 1602 1805 1923 1293 724 2215 119 1872 459 2047 2168 1656 1241 2278 881 573 1918 547 2005 280 954 1267 429 441 2463 1589 71 1056 2403 690 1361 1811 2145 1302 400 651 1779 216 1433 433 1647 2054 68 2200 241 1204 1611 1020 1264 1226 914 2450 120 1174 1 1200 864 1756 1961 1092 474 2174 1064 2328 1565 2445 1891 1044 691 350 203 1498 946 1595 1945 2486 1745 1540 930 2081 1222 871 1690 1732 471 309 2033 758 2149 1512 1388 438 2043 1430 2373 1699 2424 1722 1213 888 2342 2436 1773 1233 106 491 1594 962 1620 1208 1783 1975 1083 440 2311 370 36 2189 1089 72 1414 13 2126 335 159 1333 2160 79 765 1452 1765 2183 94 2233 423 2060 1804 1254 1379 2367 1412 1851 1381 1123 1983 584 987 363 90 277 865 1623 1202 63 1687 1660 2366 867 1566 1990 505 1160 1417 472 1069 219 752 1559 215 136 1718 2209 1203 1998 314 2180 2073 1821 2439 779 1619 730 1713 659 185 2464 1738 183 1294 2038 331 861 1470 665 261 1099 255 1362 422 1966 1997 1005 168 1633 2216 1191 304 276 291 2382 482 1125 41 116 2084 1474 353 1011 1881 2171 2072 1165 275 1864 2017 878 1192 1471 337 392 233 1720 2429 105 583 2014 791 2243 456 725 235 1877 197 1761 2315 1152 483 2157 2323 1139 1443 1724 1268 1291 111 1147 302 387 1428 877 1038 268 404 2050 2207 8 859 1972 537 2159 1420 103 2003 2134 1488 1184 1479 1347 1610 593 1548 1582 1904 2361 432 896 1193 1662 1874 66 489 348 854 1777 786 2080 688 1927 1731 376 286 2461 1105 160 388 2335 1305 1535 560 617 75 230 1544 696 1894 2276 260 175 1402 1550 2184 153 2093 85 1137 1524 2291 876 1003 2028 2187 1682 2345 810 1883 473 1769 1329 3 1863 1288 1121 1141 2042 1980 727 1453 2129 669 2176 2083 1555 808 1043 2163 565 2246 1243 2115 2354 450 993 1755 1529 2199 340 2485 527 1376 2039 774 1920 267 799 818 1670 759 1441 1959 342 407 1240 1309 703 1487 1352 330 199 2012 1460 960 1442 2094 1667 2232 470 1185 2347 374 2396 2113 2019 84 5 316 24 1785 915 1477 65 1665 1960 114 2226 857 521 999 1101 1649 969 2312 897 792 909 569 1866 178 1692 607 612 223 935 2343 1271 1395 536 1459 1259 1719 1576 17 2069 25 2468 35 2331 1100 1374 1764 2466 2465 158 1052 1621 468 2479 107 2374 172 1545 188 1824 2245 1170 686 1711 359 672 535 1984 771 891 715 508 2059 2177 2398 453 1087 393 2205 2002 1162 1409 1938 2322 601 301 1307 1615 873 1216 333 885 1561 499 1870 1179 1104 2198 1206 733 695 998 966 2310 2330 1486 2489 1869 2288 2248 2185 1612 1393 1948 1537 1091 711 1644 784 1343 2313 364 1930 147 317 2421 2075 1146 945 2106 895 1370 1156 196 283 2142 221 2099 310 1354 1432 1016 2442 679 1301 509 45 1194 435 1500 29 1198 1622 287 1909 553 1655 1737 2423 1211 1032 377 1839 1090 2213 803 2077 738 2172 205 415 770 1476 1974 430 2481 544 128 2417 777 34 118 1942 7 1818 719 1415 674 501 1951 1484 1887 1616 1136 1336 406 1368 2287 2105 1207 14 654 2281 1126
3000,1,true,false,13243,657424981821,2599 2454 2430 2397 2371 2367 2358 2351 2828 2345 2327 2323 2295 2293 2290 2274 2243 2227 2604 2174 2165 2162 2160 2155 2900 2151 2147 2144 2137 2134 2128 2416 2088 2085 2064 2267 2063 2033 2026 2394 2019 2344 2014 2011 1997 1986 1982 1973 1947 2141 1909 2835 1904 2969 2409 2760 1899 2171 2650 1890 1939 1886 1870 1854 1852 1841 1828 1823 1783 1782 2365 1768 1757 2896 2528 2647 1735 1727 1721 2417 1719 1695 1707 1683 1672 1669 2310 1659 1656 1649 1639 1637 1628 1600 1587 1567 2719 2369 1556 1550 2549 1549 1580 2516 1523 1853 2027 2230 2313 1514 2286 1503 1499 2668 2721 1495 1481 2880 1474 1462 1448 2382 1437 1638 1436 1433 1411 1403 1399 2771 1393 2680 2625 1731 2707 2665 2791 2444 1770 2385 2159 1418 1391 2824 1384 2577 1989 1349 1344 2311 1334 2894 1333 1310 1304 2786 1458 2068 2190 1302 1300 1274 1558 1423 2233 1273 1259 1256 1254 1358 1596 1772 1793 2749 1250 2913 2530 1240 1951 1239 1227 2674 1224 1218 1213 1208 2431 1822 1536 1779 1204 1291 1189 1180 1175 1174 1978 1935 1975 2196 2213 1161 2247 2240 1145 1135 1133 1091 1573 1082 1941 1077 1053 1048 1044 1758 2439 2360 1033 1003 993 1061 1700 2838 1112 2054 992 1415 985 2563 1780 2427 982 2132 2391 2603 2441 978 969 964 963 958 2550 1374 1763 1449 1878 2466 929 2188 1713 945 2498 916 2754 915 2558 914 908 2204 2480 907 1401 901 2013 898 1312 897 896 1663 2548 891 2458 1686 1404 877 1287 868 867 866 864 1586 862 1130 840 1447 831 2902 1318 2942 817 810 809 2048 2646 807 2320 1703 893 1097 795 776 1511 1074 1784 1052 1755 1595 766 973 1728 745 740 2842 2645 1308 738 1954 1813 1856 2482 1241 757 1618 737 730 721 709 703 683 2353 682 1696 2515 681 1629 1355 1163 671 2067 2015 2221 669 2083 668 664 2084 1684 1860 1390 1285 1115 2362 2333 727 2642 1966 1278 662 2903 2153 655 639 2388 638 2522 1249 627 649 626 2018 2909 711 1915 617 610 1661 2024 2363 605 604 1756 2135 588 1445 1821 569 565 1778 555 2952 2895 1830 2617 1034 2181 1959 2540 1709 2925 550 2927 2708 537 522 518 1478 496 490 1795 473 466 2961 1272 632 948 2740 2974 2062 1734 1812 2248 464 650 2245 1373 1505 458 2542 1084 1350 750 455 1488 2945 451 1803 448 1191 716 1688 442 687 431 701 425 2449 1660 2390 2533 1030 417 666 2414 386 905 2253 546 719 2343 375 2714 2017 2893 2957 564 2767 2038 2258 408 350 1426 1051 2373 2405 1482 506 346 538 2193 1775 2070 2782 843 332 325 502 1857 642 2690 895 2271 322 1102 320 319 1993 1094 2143 317 1192 293 1807 428 2868 686 1381 553 1316 276 281 2393 1749 1229 274 1518 2328 1092 2919 594 273 947 268 2935 2400 486 1542 2871 1689 2167 2805 259 1487 271 1751 398 1766 1726 2808 1940 255 254 2464 246 238 1480 2455 2415 2145 2329 1176 2315 235 2034 2520 233 2769 1762 2780 2050 2681 265 2432 2658 2907 230 1846 366 1451 2717 226 925 2816 2347 487 2976 1510 1927 2215 224 1764 2784 1038 1275 790 2298 218 705 2223 652 211 1233 1565 209 2219 2641 2471 1861 1820 2488 585 1461 2097 2470 1348 2003 1603 203 1613 938 2169 1454 198 357 573 1497 1670 879 2922 2244 2312 1955 2507 193 2265 179 177 980 1906 173 628 1322 2937 1317 419 2148 725 2819 168 2149 2839 695 1119 1345 1246 928 1814 2524 660 1843 1422 2210 2811 180 1280 387 165 1492 1117 729 1283 772 1632 164 497 2798 1467 756 2732 162 1568 2453 2059 693 239 158 1484 796 888 157 290 1483 2636 136 1368 953 479 1066 1983 1630 986 128 2292 2476 657 1673 126 2939 270 1155 2438 392 2461 2099 174 2908 2631 2797 975 146 308 2264 1016 2672 2254 1183 1118 485 2452 401 1739 1147 1129 723 214 341 125 2475 2638 1858 411 2116 554 1612 129 2810 2164 911 2269 1277 983 2257 2531 1662 313 2433 1057 707 643 1798 1723 2570 2172 2756 2800 1817 800 121 957 1552 2848 1217 119 352 2166 2978 1006 115 2968 109 1356 1205 2069 2289 1339 434 237 1944 1546 765 2886 429 1825 96 87 2635 624 2553 637 1524 2526 1347 2403 2601 2472 616 144 531 1464 2251 1122 2598 794 2846 2111 2154 1157 876 1047 2616 1833 844 1378 748 85 1485 1165 2500 2348 1063 1295 2139 580 148 863 244 169 2994 2934 2450 2954 2332 2302 75 1319 2413 2648 74 1182 1202 1741 2726 189 539 73 70 278 2998 2594 702 415 147 1786 2700 1069 1420 1787 287 2381 369 1769 710 1140 467 2873 1440 572 2984 2501 820 2493 2435 2316 1068 1522 1581 2211 1928 2890 1479 152 653 63 549 2201 516 2729 2929 630 1211 469 474 2758 2277 2581 324 1984 2436 623 1889 61 2370 825 571 2899 601 2670 1965 2858 243 396 1570 2917 902 1050 525 1579 1380 1301 2195 500 2993 59 534 1929 155 53 2485 2304 2398 1195 613 2236 2002 690 1361 326 2597 399 1970 381 2659 489 2804 1608 1711 1185 1932 444 2892 847 1864 1862 51 2711 2497 1806 1101 1760 1930 2104 2584 532 1564 2378 2585 1690 232 803 2008 1335 2826 45 678 1918 1073 1717 2612 1655 1668 1598 2825 405 314 1371 2981 2129 1471 697 310 1199 989 2693 2042 395 295 1578 2459 41 39 1907 1341 185 2098 1677 1054 606 1177 2252 2852 1678 1544 2623 2207 194 1792 1144 1538 2016 2335 1992 219 557 2451 2321 1093 2473 307 2066 1127 1012 903 2309 2489 2639 1222 418 2279 199 1070 183 339 1693 1413 1705 1490 833 1200 2562 676 2407 1419 2718 830 2150 508 29 859 1674 2775 1173 27 1771 1934 2058 2065 2297 25 2831 2845 2777 635 826 1654 159 918 2745 1920 1594 968 1650 2628 182 2914 1494 1609 2379 2854 846 2009 2176 1729 2789 1614 2110 1621 2884 225 1456 2272 1636 1746 1622 1159 871 884 935 778 24 2746 2590 52 979 228 931 2901 1414 363 2425 684 927 2368 2372 360 2375 335 747 349 799 2764 987 1794 848 1574 2853 2422 23 1645 288 2192 2256 2259 842 890 2572 1687 1197 837 698 1267 1996 712 205 2260 82 2220 2263 477 2426 1109 2408 2931 1718 22 2287 1736 68 263 2614 393 1081 1167 1397 2212 160 20 2509 2930 343 2578 449 892 1431 816 2374 1515 116 1761 501 227 2102 2768 1284 2632 1417 465 1512 1059 2821 142 1221 2484 1545 2778 1076 1498 1220 1557 1491 926 1943 1367 1007 191 1354 622 18 1737 2788 774 1321 1509 576 1369 1732 1040 229 1680 17 2644 15 2197 1591 981 2991 1957 2377 1624 1575 611 2189 43 1383 2629 1863 2115 566 311 1156 2100 412 2187 575 98 764 1985 1110 2948 1000 2676 2545 2543 717 1235 1750 2406 1019 383 2956 2527 608 1342 887 470 2864 1015 1193 1832 2081 2041 2350 1537 1424 2724 1359 394 58 336 1773 1210 2170 2966 2071 920 2278 2231 2940 2357 1776 688 14 1178 2103 2992 1946 2229 823 99 1439 2561 966 1120 560 1664 689 107 2738 2669 1831 2904 2090 1953 584 960 407 1925 2325 2706 1667 223 78 2856 1744 454 315 1593 2926 1995 2879 1948 838 2028 216 140 1083 2911 2885 2829 2538 153 222 1201 2607 1315 1866 2687 2541 1305 1149 1980 656 1912 792 1169 12 1261 910 2007 2428 2918 2796 367 2355 2186 427 1531 959 2580 11 192 2783 760 2794 1652 2999 1470 2608 2624 2205 2076 2386 854 1043 1027 245 10 330 439 2163 1691 1994 2844 2447 1489 247 1042 561 186 1245 1139 2855 2317 2156 885 2539 1577 2857 2486 1960 1242 1290 1829 1839 1281 2052 2440 2112 154 71 2589 1602 2022 495 834 1107 2445 1372 2555 640 2429 1282 1922 204 1588 2237 42 141 2296 743 1008 1697 2576 1561 1873 512 828 955 646 734 1987 2671 2270 827 1648 1555 1582 2075 2637 2741 1236 665 1493 505 9 2281 1604 2463 680 476 2121 304 1882 517 2203 269 1657 1362 1388 2030 1627 2051 494 934 878 1351 283 1466 2532 1836 321 8 659 811 1867 1311 2142 1956 1398 344 691 1459 1790 1096 1887 1005 547 257 1421 370 2685 2232 2869 1641 2652 1379 2525 1303 633 2905 1477 1811 1162 593 1062 2793 1465 1473 282 299 291 2499 176 2551 1288 570 1299 1937 2122 2040 1835 829 631 2010 1999 2202 354 328 2055 2970 2837 435 2733 673 2790 1529 857 286 88 207 2889 2506 552 2061 2932 264 1450 94 2158 1643 2841 2308 2324 134 2389 403 1871 1438 1293 2423 801 1294 1527 1228 2108 1539 2840 2000 527 2117 38 1064 2226 2443 836 2661 998 1206 365 1516 2883 184 1540 1326 932 1905 1619 2395 2761 123 586 1188 462 1214 1990 1298 2755 1919 1085 2376 1845 1716 2303 939 1253 556 1708 1964 1897 1605 1207 1623 306 1376 2605 1883 598 47 2689 1196 1893 353 379 1226 2953 1714 2031 524 7 1111 779 2696 1508 940 101 2923 923 1400 106 2813 338 1089 523 2140 46 2859 874 991 1011 1824 2152 483 1526 1325 1103 2709 2483 1968 1903 1170 912 2634 359 2591 1876 2814 2218 208 2847 924 2402 1010 2620 402 1382 728 2124 1740 1179 1476 2266 1017 1416 1124 2469 1153 122 2547 1036 1958 2947 2179 1530 2565 385 2200 2535 1653 881 2586 514 285 1212 629 131 289 2401 2239 1745 882 2736 967 708 2626 488 1988 1617 2049 568 1851 1028 1665 1699 872 1502 1266 1258 1923 540 1292 433 2686 1071 1469 195 241 2183 422 1444 2268 1949 2682 1569 971 2216 858 692 378 277 2888 1004 1805 463 797 2906 1971 1022 2618 2035 1468 804 1896 1457 2878 441 620 2037 135 917 2505 2330 2827 2747 1566 2249 1396 1187 130 1615 913 1720 2743 742 2479 342 2130 1804 2593 677 922 6 1796 1507 850 376 2752 1676 751 1868 1475 2339 1106 390 1521 1872 2619 108 4 1143 355 2725 941 1137 2519 210 1086 2354 1500 1394 49 1171 2774 515 1791 262 2331 35 280 1314 2785 2921 50 2133 284 2583 1738 2897 2234 2820 260 674 2420 3 456 2146 749 1933 1060 1186 543 770 2627 1088 559 755 2021 587 1759 2715 1108 480 2512 1644 1125 1430 1327 2862 880 2705 736 2342 2962 612 1427 1323 2299 2776 1332 513 1704 1547 563 1640 2924 1095 302 2291 815 651 894 706 2079 1385 60 472 450 13 213 1020 1306 813 1898 741 1265 2697 2349 1142 2822 2495 1675 802 1879 2356 2107 1271 2208 2250 599 1168 786 89 1926 930 1753 2113 1519 377 2874 822 2716 1908 364 2410 782 2691 1963 36 2032 1533 2600 2703 1366 1158 1816 1952 2056 685 507 163 340 1815 40 2946 2504 1055 2346 1576 548 2802 999 2910 97 1606 853 1268 2114 974 819 2434 1279 1455 150 2701 558 785 1611 1785 1730 956 1754 1375 1029 64 1916 2175 2982 1834 249 139 372 2803 453 950 2694 2242 2744 767 26 2319 2334 1114 2996 2898 2683 583 1979 2664 2750 127 696 132 2138 2602 1024 972 530 2967 641 984 1513 921 1808 510 1338 2881 2307 603 404 1535 647 2119 2490 2773 2609 2288 2536 2959 1625 602 841 1013 2318 345 493 1237 67 2387 1141 1774 1209 976 1001 2606 2101 110 644 2060 952 808 1105 1698 356 2337 694 2723 1336 438 420 2341 138 1671 2109 1128 1789 2675 1819 301 1151 2971 2 1506 2955 762 2120 1850 1234 19 1724 2850 2772 2985 1520 215 156 965 446 2823 788 704 713 1642 221 1131 1998 595 2569 151 1810 2384 1888 1945 351 2574 196 943 1045 961 1328 1692 1938 1429 1701 2554 178 562 300 852 1248 942 297 621 2662 574 334 1032 2546 1961 1252 1264 2656 2643 2294 253 636 2224 1742 1428 2753 663 117 1981 1877 1633 1409 92 1869 2025 2029 1972 2092 758 66 977 1257 2001 1849 1801 2815 1847 2411 667 2496 1434 2963 256 362 2305 2191 171 104 618 2972 374 217 1620 200 761 2891 1408 2340 452 1460 937 2830 2477 79 954 2975 821 481 855 724 933 498 1410 2571 875 2364 812 2936 2301 2851 1307 384 1263 1560 2494 949 528 31 2284 2807 654 2306 2521 30 672 2057 1232 1087 2503 744 2737 251 2730 2282 1025 818 1666 2727 2326 1610 2261 2383 2361 331 581 2125 388 1842 1370 1160 2834 2072 2442 181 329 1607 143 2392 2004 113 860 1921 2460 1848 2579 1432 459 86 2404 2843 936 1865 1818 368 2735 2537 120 2757 1184 2988 430 883 1838 714 1150 48 1079 33 2214 361 1592 2280 240 889 1679 1021 1154 1324 188 2275 994 2168 1874 2045 551 1472 2080 137 1099 2770 2352 2677 2023 1360 2184 1837 1190 1435 2514 904 2105 380 296 1914 2702 76 2688 266 261 2630 2973 533 1215 1647 80 1138 348 220 2177 1800 2047 95 2412 1712 62 2556 2180 2241 2511 511 1917 1452 589 2861 2875 2178 1442 1389 2920 2468 2704 781 545 1121 1134 541 2492 1976 1080 909 1407 1113 1056 1049 2995 775 2990 2960 579 1910 172 1035 2640 298 1164 2567 2020 645 1528 899 1977 2093 1891 1238 2684 2206 1936 2649 2809 2977 1136 1296 1058 2199 1584 1715 1353 2849 436 2399 1219 995 1402 1681 962 1826 2836 2487 93 424 201 1247 1243 2766 2418 625 482 1911 2518 421 382 250 2255 869 1412 1913 658 1685 1441 2759 2078 57 161 1635 944 1406 1026 468 1172 2713 2795 2502 2366 1386 2182 1357 733 2734 190 1767 609 1551 2950 1534 242 114 2157 294 2964 577 258 2510 111 2610 414 2944 2654 2300 272 1297 2077 1543 2698 1900 197 544 619 83 2053 2860 2941 715 102 1590 2462 784 783 1599 16 2731 1067 615 1777 1532 2198 2613 600 2446 279 759 1 700 731 475 1260 2557 2517 2096 1894 2806 2695 722 2235 2039 2478 202 56 2424 590 2863 371 2965 1924 773 409 805 5 118 771 2596 170 2651 2359 1313 2559 2173 1541 55 2566 1269 105 1078 231 2087 1597 1203 865 2467 275 316 1223 166 1331 312 1725 578 2720 267 212 988 2552 1364 1009 1377 2285 521 447 2380 1132 1809 2448 752 492 2336 2989 1765 2573 69 1722 906 814 72 946 2036 37 44 661 1748 2872 739 2666 2136 1365 614 2005 2322 2765 675 1616 597 1309 824 503 1553 167 2949 1330 2419 679 861 2534 2595 780 2006 849 870 65 777 77 2437 670 2228 1702 309 699 509 1148 2653 133 1827 763 735 292 1486 504 1270 1942 2118 2622 1967 1799 634 789 2421 2748 1276 1859 2728 1463 2564 1289 2870 2194 1251 1225 2568 1039 1901 1844 1116 1589 457 900 2074 1651 248 437 2046 1446 2832 1572 1098 793 1216 1065 1548 1950 103 873 318 1880 997 416 596 886 2692 2126 410 461 2678 1840 358 32 28 440 2928 2246 1152 2044 1425 1395 607 112 526 951 1583 1554 1562 769 1585 1231 303 2763 535 1504 1682 2185 149 1037 1363 1752 443 1018 2679 1104 1885 1802 1626 2529 1658 84 1337 323 1496 754 1194 1123 1255 2792 2123 2887 1031 445 1902 491 1969 2283 798 2742 2073 2943 1387 2095 1797 2663 582 1962 990 54 1262 2396 919 726 1892 1563 484 0 520 1694 1733 34 718 100 478 305 1895 499 2209 1931 389 1781 1571 2262 2866 1146 791 768 2979 2043 2094 1405 2481 2781 2127 333 1710 423 1181 1329 1166 1126 327 996 787 1023 542 91 1631 1392 1501 839 2225 1517 2089 1855 1706 2915 1634 519 397 2091 2338 1991 1881 2012 851 1014 206 234 1244 1100 2276 2997 175 187 21 432 2131 2633 720 2621 252 1559 1072 1788 413 2699 835 426 1230 648 145 806 2106 1453 529 337 592 1747 1646 1743 1002 81 124 1884 1974 591 1340 1352 391 845 832 460 536 1041 236 856 2273 2161 1090 2933 2314 90 1343 746 2238 970 347 1443 2086 373 1601 400 567 732 2712 1525 2082 1346 406 2217 2222 753 2722 1320 1875 1046 2474 1198 1075 1286 471 2799 2660 2987 2980 2983 2958 2951 2986 2938 2912 2916 2882 2876 2877 2867 2833 2865 2817 2801 2812 2787 2762 2779 2751 2710 2739 2673 2667 2818 2657 2615 2655 2611 2588 2592 2587 2575 2582 2560 2523 2544 2513 2491 2508 2465 2456 2457
