name,run,isInfeasible,timedOut,objectiveValue,time,solution;;;;;;
0010.txt;1;FALSE;FALSE;105;122;3 5 2 6 8 1 0 7 9 4
0015.txt;1;FALSE;FALSE;305;229;10 8 7 14 12 2 1 0 4 13 5 6 11 3 9
0020.txt;1;FALSE;FALSE;332;360;18 1 9 12 16 10 8 17 3 19 14 7 6 4 5 2 11 15 13 0
0025.txt;1;FALSE;FALSE;464;663;21 18 19 23 3 7 5 24 17 16 0 22 10 8 12 13 1 15 9 20 6 2 14 4 11
0030.txt;1;FALSE;FALSE;631;920;29 17 12 16 19 22 0 18 23 8 6 10 20 7 26 9 2 15 28 1 14 11 4 27 24 5 21 3 13 25
0040.txt;1;FALSE;FALSE;934;1233;33 23 7 27 16 32 2 11 9 8 20 13 34 24 1 35 19 38 5 10 39 17 25 36 31 21 29 37 6 22 30 15 14 0 28 18 4 26 12 3
0050.txt;1;FALSE;FALSE;916;720;38 37 31 29 1 39 35 0 22 40 47 12 13 10 28 2 7 17 46 43 26 20 14 34 49 6 33 3 8 48 21 24 30 27 9 42 5 32 41 19 44 18 11 15 36 45 4 25 23 16
0060.txt;1;FALSE;FALSE;1381;2171;30 51 47 13 52 19 15 7 49 27 59 54 32 39 20 28 12 14 10 26 42 16 46 0 50 17 3 18 34 11 2 55 53 9 33 58 37 21 48 40 8 23 43 41 22 5 44 4 1 35 36 6 25 38 24 31 56 45 57 29
0070.txt;1;FALSE;FALSE;1600;2800;21 56 26 10 16 42 68 51 61 22 44 43 31 54 15 32 11 57 27 59 12 63 47 60 7 19 29 38 40 49 20 33 36 3 50 30 6 0 58 48 64 35 37 46 14 18 5 24 13 28 4 2 9 25 1 39 34 65 45 55 23 62 41 67 8 52 69 17 66 53
0080.txt;1;FALSE;FALSE;1901;3838;10 45 14 9 11 73 36 61 59 43 74 0 25 76 48 78 52 56 4 49 66 39 16 21 57 62 20 15 33 64 63 1 13 6 35 19 58 70 18 2 28 31 24 71 7 3 32 75 54 53 12 77 27 41 22 44 5 55 30 67 26 47 50 68 46 8 60 37 38 69 42 29 51 79 40 23 34 65 72 17
0090.txt;1;FALSE;FALSE;1924;4788;52 50 73 36 86 28 79 83 64 43 69 87 68 67 77 1 56 89 13 54 72 51 39 21 76 19 10 9 58 60 55 40 53 85 18 32 45 82 4 49 12 48 30 24 11 26 35 41 25 23 61 37 65 71 6 78 29 33 75 44 16 27 8 17 70 31 59 14 0 63 46 7 74 62 20 88 38 66 15 2 57 34 22 42 3 80 5 84 81 47
0100.txt;1;FALSE;FALSE;2339;6425;5 36 43 40 34 89 83 50 81 56 6 68 14 69 46 15 87 24 8 60 86 41 85 18 13 52 77 74 72 2 3 78 48 66 55 28 12 51 30 80 73 79 1 29 31 35 49 99 37 25 90 39 76 11 95 53 57 82 10 9 92 67 42 27 17 98 23 38 20 88 71 47 33 93 4 70 94 65 96 21 61 84 54 22 32 58 97 26 16 62 0 45 19 7 59 63 75 64 91 44
0150.txt;1;FALSE;FALSE;3957;18865;68 48 141 114 67 84 35 27 143 146 65 113 107 89 105 70 142 123 63 46 9 98 62 42 61 45 19 38 23 108 116 106 128 122 119 2 41 91 56 76 131 103 64 82 50 28 102 59 86 24 52 6 20 137 144 85 97 133 96 11 71 15 81 30 18 33 140 138 125 31 109 40 5 120 10 39 145 3 1 139 44 95 121 14 80 101 90 69 112 0 148 135 26 94 66 83 88 117 57 22 7 16 77 13 149 130 12 53 87 93 75 17 78 72 25 47 118 54 132 51 8 92 34 74 32 126 49 136 37 36 100 21 127 104 60 55 111 43 134 129 115 99 124 147 29 4 58 79 73 110
0200.txt;1;FALSE;FALSE;-20296296;40875;163 36 34 59 176 139 14 169 42 162 33 193 57 1 101 43 106 15 18 113 78 98 37 199 171 63 73 23 99 137 130 76 187 7 88 10 182 21 126 112 5 103 132 135 51 158 52 115 91 64 84 48 72 105 58 125 191 17 159 147 39 90 46 22 32 47 62 111 11 79 192 67 69 24 29 131 142 186 66 30 160 86 150 190 156 74 85 75 8 185 107 124 108 83 161 2 56 151 9 92 145 183 4 41 102 54 96 45 166 44 55 133 198 93 104 129 178 31 177 60 122 141 148 0 157 38 120 19 68 143 173 149 188 25 181 153 117 127 184 140 81 61 170 196 175 116 144 89 110 172 168 154 109 138 71 189 134 118 82 3 123 146 53 12 197 164 50 13 195 40 28 179 80 128 155 20 26 97 87 35 49 114 94 70 152 77 174 100 194 165 27 121 167 95 16 6 136 119 65 180
0250.txt;1;TRUE;FALSE;472258509;75913;225 169 113 29 246 245 185 121 90 144 166 201 85 49 28 9 27 120 88 34 234 208 43 215 13 188 55 239 127 83 192 124 99 187 170 216 134 105 107 45 142 151 247 126 123 32 196 152 193 232 214 68 157 24 204 213 23 238 178 248 111 114 71 177 173 63 122 119 211 104 51 165 102 77 158 207 150 143 22 116 156 98 59 6 70 50 36 219 231 60 7 163 244 86 54 115 47 25 135 133 197 93 172 221 174 87 73 62 31 129 223 95 243 222 137 26 128 171 92 148 65 69 164 67 106 226 97 228 189 130 12 33 168 89 155 190 52 117 125 66 30 132 153 202 53 10 16 21 242 14 230 101 46 181 110 167 20 38 4 57 78 131 240 195 109 80 149 147 39 175 186 17 183 176 146 212 100 74 237 182 76 72 91 224 18 103 184 64 191 108 141 198 0 56 159 8 249 48 37 94 3 179 61 136 233 96 138 161 40 35 2 11 84 5 42 82 203 217 44 241 210 199 139 1 75 220 81 19 180 79 227 140 145 209 118 162 200 229 154 15 235 58 218 206 160 205 112 194 236 41
0300.txt;1;TRUE;FALSE;1882505990;111184;138 46 30 104 73 193 16 172 212 267 195 234 49 295 147 192 103 250 74 43 126 180 115 127 188 123 219 101 251 24 109 204 56 202 264 165 227 47 26 220 133 122 93 15 274 248 213 290 89 48 163 120 296 203 209 280 249 214 208 20 88 69 221 119 241 92 28 99 57 255 293 144 75 70 283 96 252 237 65 22 160 206 35 85 108 27 201 29 181 32 55 111 247 146 270 90 156 281 262 4 215 82 257 190 210 268 105 158 3 39 71 178 143 14 260 31 12 173 185 184 91 276 131 285 59 95 136 182 291 199 137 130 134 40 189 87 191 64 233 67 200 218 205 62 11 167 187 7 124 53 60 230 177 145 102 231 289 142 278 240 50 51 2 261 61 66 97 113 118 297 263 258 232 229 58 110 63 72 154 207 159 279 216 34 282 299 149 10 197 112 226 78 277 81 198 9 114 76 259 238 253 245 186 161 38 132 194 5 100 162 265 246 166 155 269 83 94 21 239 244 236 33 77 107 157 256 176 287 223 164 284 152 228 273 254 170 106 25 148 0 54 175 23 121 266 225 13 68 169 298 37 171 42 272 243 19 1 242 52 286 150 17 135 183 6 129 140 168 139 217 275 288 271 235 151 125 45 117 153 41 174 292 18 222 128 84 44 294 179 211 196 80 8 98 116 79 224 36 86 141
0400.txt;1;TRUE;FALSE;5209051710;286958;311 123 193 196 267 331 243 237 352 36 398 51 73 12 238 30 33 338 301 55 299 151 250 213 297 224 253 76 92 2 161 101 29 322 396 251 294 83 217 399 248 6 1 117 75 302 111 231 376 346 137 99 277 115 286 145 78 348 0 367 44 245 244 273 321 177 371 166 155 69 68 41 186 341 11 70 163 5 159 307 274 187 315 234 278 141 290 39 246 309 212 306 258 98 364 86 62 386 65 259 90 291 366 397 318 178 143 89 179 71 17 150 280 292 9 375 324 221 42 369 102 339 176 334 26 20 388 124 136 135 235 49 180 287 379 126 23 387 204 201 215 82 279 272 327 168 374 337 377 316 31 380 312 240 171 342 220 262 383 194 203 192 46 230 144 175 229 58 181 293 122 202 183 345 191 87 384 354 173 80 326 47 285 133 160 282 139 125 365 296 263 373 222 265 119 275 110 121 355 351 10 225 308 149 74 350 207 254 363 28 56 206 390 94 382 25 147 394 154 284 228 97 164 19 343 209 153 116 305 103 60 156 381 289 43 281 303 317 27 232 197 247 189 340 330 370 261 24 120 72 63 88 53 131 81 298 313 14 130 148 266 106 105 16 18 356 4 15 114 54 170 185 260 335 385 128 323 349 358 52 188 288 233 200 328 21 269 344 169 214 67 314 109 104 66 264 84 198 8 146 270 152 118 134 40 242 38 96 162 127 391 57 395 241 112 13 361 255 393 389 271 132 211 167 357 48 239 295 336 347 35 208 320 333 100 129 93 79 77 329 113 34 195 107 157 368 268 205 45 7 332 360 362 256 325 319 22 32 95 252 276 218 64 223 353 190 165 3 219 392 378 226 216 300 236 227 108 283 140 359 249 142 158 372 304 174 50 310 138 61 184 85 257 199 91 210 59 37 172 182
0500.txt;1;TRUE;FALSE;7727677945;514693;348 478 373 435 463 69 344 39 169 140 459 395 228 78 387 296 357 343 337 346 138 174 177 146 149 299 226 97 457 334 376 231 197 365 40 472 360 206 428 43 461 22 141 164 439 202 76 89 71 269 327 108 198 93 412 397 26 279 165 142 221 427 85 205 484 154 474 293 290 259 480 216 437 403 423 413 20 314 464 407 370 406 218 483 194 405 339 25 434 148 103 433 338 442 368 13 255 42 262 380 31 324 391 87 125 389 79 477 319 120 215 482 287 111 132 241 195 497 476 96 265 122 415 392 358 136 347 420 302 244 447 124 465 359 168 416 17 150 121 238 68 127 489 224 453 280 38 274 384 458 229 45 188 267 232 145 114 446 393 292 272 64 30 340 50 41 77 402 247 52 199 16 126 237 65 320 6 56 430 94 289 242 171 409 46 55 166 236 488 233 213 291 81 19 143 414 9 4 15 301 70 155 53 288 363 315 106 152 486 173 246 310 266 66 47 364 468 105 253 88 441 190 119 11 494 222 90 49 335 261 2 377 240 12 263 404 305 419 426 356 425 54 399 326 189 381 234 160 379 467 431 460 311 80 249 23 295 257 401 3 192 369 378 451 260 386 362 208 220 219 485 475 410 491 332 131 227 329 51 355 82 1 110 354 418 178 133 400 422 239 245 44 466 134 432 258 98 276 109 112 180 193 250 462 286 309 181 342 59 349 470 390 449 18 116 353 341 36 495 179 158 223 204 421 374 203 345 264 196 156 5 84 251 210 450 492 74 350 424 151 254 107 448 0 129 306 300 282 104 270 352 336 490 452 83 394 128 167 303 117 27 159 115 130 312 396 271 32 498 252 92 214 273 187 443 75 388 313 361 162 496 72 438 493 34 118 29 58 281 331 367 487 37 298 184 225 469 283 294 382 113 318 207 200 33 411 366 297 454 325 440 285 8 14 230 170 375 317 473 429 91 455 101 351 445 86 456 243 35 57 157 323 99 137 277 63 372 139 60 481 304 186 268 212 62 153 383 436 330 385 147 328 21 408 191 235 278 201 100 417 135 308 185 95 211 123 333 175 217 163 321 398 10 183 322 182 7 316 24 275 471 479 444 73 172 248 499 176 256 307 61 284 161 144 371 48 209 67 102 28
0600.txt;1;TRUE;FALSE;16825078669;615033;449 302 452 148 466 547 115 180 340 97 455 303 87 124 472 487 422 179 530 14 585 521 175 85 108 211 196 420 27 68 400 501 450 579 589 399 54 202 173 485 473 486 64 135 388 402 597 360 0 300 354 352 353 299 323 406 458 407 556 305 326 478 433 109 237 236 481 3 245 222 32 185 189 558 1 221 71 30 312 112 80 266 74 60 134 118 534 104 431 227 314 171 342 256 476 596 370 584 397 427 387 468 428 330 435 318 292 82 257 8 460 506 296 203 545 524 416 367 532 471 164 56 215 457 499 309 333 200 282 186 443 359 128 271 474 34 497 25 591 95 11 51 575 509 514 403 482 447 119 381 384 417 251 479 294 183 136 188 345 313 594 582 207 355 249 298 37 445 442 169 414 210 491 446 379 204 404 232 248 66 505 507 31 264 315 586 59 297 564 418 529 500 553 177 163 515 125 44 88 83 94 593 423 425 35 595 107 489 162 430 322 141 554 578 598 415 346 389 301 441 279 58 392 480 375 153 456 130 170 161 401 517 380 566 41 198 293 116 528 371 106 40 461 490 448 488 267 48 338 573 336 362 150 17 288 224 20 197 252 537 187 463 89 348 290 239 273 255 357 548 496 79 258 563 234 341 590 81 214 454 376 23 393 86 126 508 470 155 166 9 492 372 572 38 356 235 280 550 275 316 527 522 465 142 289 61 332 394 254 495 432 101 451 405 259 22 70 75 73 113 78 283 96 438 120 519 65 209 12 53 181 434 576 42 272 216 7 440 523 24 551 513 580 263 538 560 111 226 99 281 154 484 253 539 321 6 129 158 412 151 110 310 133 57 278 144 498 269 536 33 193 525 337 167 231 219 191 453 331 260 311 386 344 146 246 265 526 84 571 28 382 103 570 512 100 324 483 317 410 504 555 295 49 411 132 567 304 319 168 212 122 93 424 137 358 421 127 72 366 533 516 565 494 105 385 351 343 361 62 373 286 52 307 469 174 546 268 223 510 147 540 409 149 599 569 225 184 5 477 562 262 76 43 90 39 131 277 45 229 247 347 114 577 588 213 291 199 13 334 462 218 557 157 243 419 220 26 306 4 63 503 233 123 206 568 368 464 21 408 377 240 329 261 350 172 583 542 16 18 395 15 274 549 238 138 493 552 77 436 276 91 36 475 98 320 378 429 328 581 156 121 437 47 67 69 92 535 349 518 152 391 145 102 459 140 365 244 201 520 29 287 160 55 413 574 50 270 444 426 285 230 217 467 561 2 374 308 543 19 390 284 544 325 398 335 143 178 165 531 250 511 190 228 117 439 363 192 396 559 541 46 587 502 369 327 208 194 383 242 159 195 241 10 364 182 592 205 339 139 176
0700.txt;1;TRUE;FALSE;23368511388;980121;616 31 58 407 609 271 519 374 88 310 611 414 410 304 139 672 283 41 686 277 571 280 431 379 646 444 347 353 177 302 5 259 443 19 191 355 472 70 86 626 42 662 231 20 496 367 252 537 651 65 85 232 424 30 170 279 329 261 368 393 315 343 590 11 524 87 119 637 35 419 420 272 39 90 219 206 104 617 135 305 37 513 688 512 10 214 192 602 49 535 178 533 56 525 545 100 262 74 550 225 684 465 614 188 645 215 345 433 511 132 558 51 380 559 555 440 643 575 604 281 432 32 122 538 193 50 356 376 670 373 586 658 323 288 340 544 235 674 200 417 151 212 244 230 606 445 369 123 133 453 591 199 534 118 696 572 173 529 470 107 695 640 84 61 494 436 64 114 113 275 466 282 169 624 489 92 363 421 155 46 265 203 691 460 685 130 330 1 182 226 579 660 400 201 69 221 309 144 404 566 248 543 418 137 399 634 270 146 168 527 473 292 186 532 108 324 490 2 359 322 327 136 141 479 325 300 160 476 498 251 578 639 450 610 607 159 337 526 63 630 318 134 441 508 59 142 679 403 223 273 396 573 128 43 23 456 162 264 454 520 557 255 565 239 311 8 647 158 636 618 597 423 257 497 553 505 447 515 294 471 656 208 308 598 299 552 312 642 516 501 475 641 121 663 297 22 699 216 632 131 667 384 196 211 165 326 478 506 289 523 542 189 12 388 463 587 116 361 503 338 228 245 493 613 334 692 581 422 392 290 66 452 594 147 669 631 442 276 654 584 209 664 408 377 33 36 425 241 381 357 596 678 673 517 488 499 426 567 233 284 644 561 344 608 582 653 383 220 314 109 267 615 27 317 101 601 29 480 592 434 207 157 175 568 17 184 164 91 218 195 269 40 336 78 413 105 254 263 268 13 677 176 180 593 24 625 306 428 307 504 238 638 551 350 140 250 378 89 358 411 247 683 576 256 227 120 38 390 650 351 500 53 437 635 562 332 71 491 569 154 18 222 68 111 469 67 152 563 124 697 301 528 153 457 93 179 81 319 287 521 171 628 694 502 698 665 181 242 47 365 278 57 143 415 106 451 481 291 455 3 477 80 448 167 204 16 589 316 612 213 126 150 117 509 371 285 595 346 648 342 303 370 583 439 395 483 387 243 556 96 138 621 237 183 210 9 492 372 514 585 539 541 412 531 385 333 409 680 21 580 375 274 202 62 95 666 236 321 484 75 570 99 260 682 482 354 600 655 382 659 536 298 623 446 246 406 605 364 588 163 629 547 224 564 240 77 234 366 187 474 15 540 97 427 522 398 652 530 462 386 286 438 360 622 518 620 487 190 676 328 397 72 554 468 458 293 73 671 60 459 103 485 295 349 249 110 174 577 26 401 115 102 76 560 194 83 266 0 548 627 486 313 352 391 668 507 48 129 6 148 197 341 14 430 161 464 28 689 348 172 574 690 495 296 603 467 217 649 549 687 34 253 185 675 619 44 45 125 331 461 156 394 546 52 681 449 320 166 4 7 362 435 661 339 599 149 55 127 98 229 510 112 94 205 416 405 25 258 198 335 693 389 145 633 657 82 79 429 54 402
0800.txt;1;TRUE;TRUE;44949435391;934437;428 535 289 48 660 742 782 538 310 146 770 125 334 448 568 374 110 737 229 170 69 705 266 506 159 349 320 734 238 290 513 207 727 685 132 32 495 81 219 681 252 693 269 494 105 153 36 323 551 468 408 373 663 680 9 292 263 492 391 200 183 120 254 226 140 527 483 210 338 433 193 635 173 606 56 594 584 61 119 795 420 26 393 728 241 651 346 177 240 285 447 664 169 614 674 85 353 383 29 178 52 766 662 574 369 379 280 688 382 57 201 87 518 784 547 755 488 707 274 44 113 618 522 531 749 621 700 288 109 668 600 622 339 460 479 152 595 107 262 4 486 673 301 51 747 482 358 94 197 12 543 185 171 466 704 639 435 512 62 3 123 788 39 211 678 602 21 100 731 126 491 267 342 89 257 773 372 613 703 735 181 282 475 370 462 554 143 714 441 412 528 419 164 628 645 772 184 225 579 330 340 206 679 757 649 98 208 753 287 319 677 138 493 781 455 692 786 490 387 165 75 368 213 186 312 72 725 582 127 529 570 58 223 316 430 180 296 273 706 145 315 1 101 751 255 723 556 756 389 510 671 605 526 779 754 297 654 682 445 131 560 771 509 362 137 309 114 318 471 179 658 265 409 452 546 559 34 407 270 442 202 27 717 42 759 303 54 629 281 541 712 666 726 86 332 116 687 157 507 670 376 485 405 785 533 640 46 167 418 136 564 258 607 385 6 160 53 0 348 478 573 585 168 388 112 411 500 653 589 524 359 496 548 469 739 364 371 473 345 64 721 401 327 95 498 322 699 247 378 275 608 144 575 790 102 571 641 783 194 761 162 631 553 516 97 426 325 562 416 18 133 377 239 366 397 250 40 150 610 776 249 576 724 659 268 224 425 182 172 710 63 472 45 616 272 10 37 794 532 41 398 300 691 799 360 218 104 567 449 149 684 141 328 16 599 221 596 291 134 192 108 124 79 729 191 440 103 443 689 722 429 404 715 741 227 615 106 33 536 778 147 402 11 565 406 129 228 709 740 279 82 215 2 604 762 458 367 96 38 299 624 343 7 505 627 236 166 244 787 497 233 611 489 410 501 175 17 765 128 530 566 434 623 637 314 467 304 647 20 214 593 523 578 718 163 68 336 446 390 422 341 744 55 49 421 198 84 665 542 158 232 470 31 380 220 436 24 151 335 261 424 644 415 540 277 245 713 78 333 22 118 161 356 777 583 695 142 558 719 720 190 30 634 66 399 248 67 669 205 736 347 354 733 746 694 591 278 28 587 484 284 154 461 403 413 355 305 738 23 99 25 306 189 633 789 47 545 59 667 5 324 648 774 632 386 357 563 638 122 293 581 791 326 92 423 760 459 264 792 352 555 350 394 212 216 311 534 690 617 561 798 251 780 517 135 329 361 308 73 515 643 139 549 672 321 187 683 400 592 174 50 544 453 283 508 260 365 525 572 480 70 444 246 439 552 626 686 90 655 619 481 60 519 65 676 698 230 702 80 716 656 217 768 451 793 758 652 307 155 697 276 630 612 351 499 204 19 14 130 148 476 597 590 743 209 642 156 381 764 609 748 539 750 74 15 91 199 253 77 454 514 732 8 588 231 395 457 111 188 437 294 83 117 396 745 550 271 577 752 646 661 234 775 363 537 763 195 601 35 203 502 769 521 503 487 504 650 520 286 711 375 657 477 796 295 115 580 93 337 511 438 302 243 331 392 222 298 313 414 767 603 242 708 625 464 636 417 71 620 450 256 176 569 344 384 474 431 432 259 465 237 317 675 13 88 463 586 797 76 456 696 121 196 598 235 701 730 43 557 427
0900.txt;1;TRUE;TRUE;51220455564;940076;359 357 128 293 289 33 236 270 650 556 431 311 389 750 448 0 355 577 738 539 85 659 58 829 550 869 455 595 107 789 264 161 126 277 223 3 586 168 823 302 11 95 563 272 342 833 67 565 721 851 500 409 749 15 874 614 263 439 642 712 841 678 892 134 411 454 418 783 140 677 587 160 375 163 507 106 56 638 407 609 90 68 179 30 840 352 354 152 186 773 185 290 619 633 229 217 401 605 256 509 753 98 102 274 35 408 377 772 621 590 568 729 154 473 69 216 834 730 130 416 21 6 490 782 798 883 338 661 74 250 476 280 755 427 421 714 537 360 39 390 896 384 884 494 526 842 34 197 212 831 843 562 890 247 711 658 746 379 709 760 343 898 142 445 281 630 10 745 645 108 824 321 839 553 781 554 667 696 800 23 184 5 625 59 828 43 676 205 818 225 449 237 252 14 520 472 187 453 110 660 724 87 666 41 491 169 114 206 862 86 37 769 405 259 31 641 475 742 497 603 752 535 392 393 315 192 716 412 897 531 538 827 260 209 877 45 895 644 336 346 131 397 162 151 333 688 132 50 886 846 830 732 71 790 363 36 691 276 371 651 8 581 344 616 504 138 788 246 451 648 291 438 812 882 286 652 496 720 261 866 643 612 183 470 176 139 376 686 365 754 347 751 22 305 113 199 117 27 373 282 299 597 733 607 144 679 838 137 194 762 100 383 419 863 441 483 94 254 378 429 683 368 308 674 893 879 873 703 38 770 512 189 193 73 340 564 697 147 180 224 79 258 382 248 778 231 592 105 664 669 848 717 493 549 801 844 649 374 362 707 857 885 881 156 859 116 164 624 249 348 141 601 853 602 465 268 91 634 174 777 319 136 244 506 423 433 109 177 646 791 361 503 457 351 242 852 83 673 802 480 115 764 819 220 443 158 706 734 808 471 891 767 684 665 735 318 813 542 822 32 358 662 104 386 366 271 541 239 278 731 668 316 245 232 253 133 422 663 210 571 693 741 306 149 599 313 803 820 240 335 723 20 88 123 466 584 467 337 171 42 211 474 75 1 759 576 690 761 118 234 580 495 227 350 776 324 468 166 349 747 837 221 508 159 807 428 593 845 606 129 529 370 121 519 81 84 432 573 167 715 403 682 417 739 870 146 680 685 861 51 447 482 182 510 699 285 817 596 793 178 201 356 899 111 521 499 488 713 78 399 559 858 213 40 780 387 219 80 266 880 127 784 61 629 388 860 694 604 636 125 479 570 99 518 487 557 876 434 190 396 283 13 72 805 611 569 413 288 317 622 816 477 165 594 856 120 698 530 517 12 353 582 124 372 492 632 328 692 558 170 748 135 574 613 675 872 295 49 653 400 97 726 458 406 511 718 2 561 875 588 314 814 275 46 868 787 815 705 744 534 704 887 228 536 77 57 214 200 523 657 797 505 153 501 17 878 532 367 804 329 265 727 380 672 63 655 547 463 689 695 640 854 832 623 426 28 92 226 484 89 436 708 725 119 196 548 76 578 437 575 404 850 528 425 826 273 555 740 670 464 766 722 637 560 16 627 420 53 155 150 93 424 567 391 452 598 736 47 671 701 516 304 566 54 700 489 450 610 148 143 763 327 552 737 864 656 867 462 806 871 774 255 591 589 369 322 262 4 222 297 894 486 765 572 540 287 620 198 122 647 615 579 25 292 238 202 440 243 865 279 203 631 719 257 381 395 792 9 233 82 339 26 768 70 794 446 855 334 710 301 19 332 385 175 779 7 330 410 296 583 825 585 849 442 460 522 309 628 836 639 331 498 758 267 654 835 173 757 241 195 269 525 326 398 785 728 60 681 312 101 551 24 546 215 345 188 626 478 618 52 251 756 157 207 821 775 545 600 298 502 172 310 364 786 608 103 702 145 513 323 485 303 809 435 44 96 204 341 514 402 65 527 795 771 617 543 456 414 810 66 325 300 799 18 481 284 524 235 889 430 888 307 469 64 544 112 218 635 191 461 181 29 48 208 320 796 743 294 62 230 444 847 415 687 394 459 515 533 55 811
1000.txt;1;TRUE;TRUE;-73225500585;940730;800 844 965 76 595 452 917 243 858 306 160 286 809 970 96 725 868 114 421 249 871 771 219 177 980 578 901 347 129 283 968 469 217 620 681 409 193 500 232 689 381 606 405 843 185 564 200 444 53 766 493 665 508 601 253 346 204 921 728 85 447 818 675 432 73 730 658 104 877 489 19 81 849 147 785 570 722 280 224 0 422 566 48 634 172 174 670 491 510 530 120 941 691 851 88 611 784 115 552 42 214 614 519 985 52 293 411 17 237 626 888 623 456 545 328 864 568 974 437 679 406 167 271 402 289 410 340 814 918 362 961 153 857 82 572 640 610 281 661 827 863 558 307 801 247 669 786 89 459 231 943 696 264 562 638 496 727 677 178 966 979 808 910 850 348 937 945 992 934 770 376 256 741 392 783 744 74 199 97 482 739 195 157 547 729 245 10 617 672 176 49 718 273 240 11 823 26 682 584 186 313 582 325 535 457 191 686 156 446 880 159 621 161 440 659 394 150 743 931 962 164 175 646 587 338 991 926 234 8 260 711 485 44 138 881 990 21 441 56 202 372 758 673 262 170 34 749 235 251 490 663 703 957 949 972 713 127 132 994 342 698 899 471 4 776 478 847 619 181 964 866 203 883 714 648 793 987 284 487 967 162 544 715 848 732 555 371 443 694 879 997 208 415 16 312 472 428 805 474 332 656 514 746 229 125 110 169 101 351 981 98 969 379 301 913 794 650 759 60 32 222 458 884 787 135 752 660 842 369 869 999 550 603 108 885 856 337 504 267 433 894 915 64 993 523 953 14 837 702 59 403 476 124 757 598 408 589 418 916 373 764 762 130 615 533 288 978 950 604 329 209 773 416 254 563 777 165 796 775 463 213 13 960 600 695 515 166 520 37 581 628 295 368 197 119 854 18 484 426 427 897 653 940 414 577 361 47 507 435 502 567 6 320 50 525 378 215 5 442 451 310 538 705 417 740 948 424 343 710 791 15 511 100 218 666 704 269 179 731 154 778 201 971 393 952 466 588 66 571 624 923 574 709 875 737 701 635 531 929 386 865 751 655 388 607 152 28 309 322 733 141 528 324 602 532 873 761 285 830 335 22 236 188 889 649 576 678 896 933 238 305 352 367 344 996 316 911 279 699 664 939 255 998 548 506 828 517 790 736 560 84 448 31 470 829 105 55 480 835 303 455 479 80 226 798 724 389 274 384 318 321 401 575 774 876 449 846 585 900 142 982 134 333 327 521 155 688 909 95 107 189 512 397 276 738 23 807 641 817 109 475 266 527 820 755 676 810 173 906 248 106 720 642 221 928 813 102 903 747 841 836 891 35 592 103 768 300 149 799 365 481 580 445 2 431 833 468 387 27 955 902 526 112 516 36 963 825 524 7 819 895 920 438 263 137 99 270 370 754 522 509 499 912 404 811 734 697 356 630 24 225 687 261 227 477 319 265 723 608 439 246 719 460 543 341 853 83 180 294 816 374 942 586 789 323 803 662 350 257 935 465 753 831 795 244 77 63 111 700 126 358 631 870 86 210 377 551 258 556 529 633 65 553 867 855 304 140 242 959 644 90 79 767 290 756 9 299 797 513 609 716 860 976 488 317 537 92 41 938 944 922 302 54 29 45 429 122 605 542 946 622 58 815 625 706 495 579 39 772 277 561 735 453 462 861 494 559 190 72 492 717 69 936 330 366 450 315 187 220 497 123 498 400 61 413 692 565 882 973 680 292 391 501 390 62 862 275 989 984 908 91 977 183 745 636 765 192 540 184 145 892 430 671 750 554 278 355 467 233 364 136 336 228 113 252 144 594 71 599 834 396 951 925 721 654 196 121 272 345 657 956 425 20 683 557 38 207 954 205 712 326 1 349 872 637 839 182 822 824 779 838 707 298 117 357 163 690 360 748 546 353 423 947 907 693 483 407 647 534 40 250 78 645 171 241 198 914 569 473 583 420 887 67 291 505 668 436 536 206 339 651 541 832 539 25 297 958 629 131 590 596 68 43 382 613 742 375 840 845 287 51 591 268 643 296 988 616 308 685 419 904 932 359 211 434 597 518 812 919 782 804 282 158 94 667 223 549 30 380 75 168 780 802 395 986 454 116 995 763 618 399 792 975 503 886 898 486 826 383 859 930 788 128 852 87 760 612 573 148 924 639 593 143 12 230 684 461 46 874 194 983 216 927 890 708 781 464 769 385 151 139 314 674 331 412 93 627 652 632 57 239 133 905 726 146 70 259 33 354 363 212 878 3 118 334 311 821 398 893 806
1500.txt;1;TRUE;TRUE;-69312639587;933329;358 223 914 332 203 883 564 161 1081 728 183 294 235 1483 1463 380 1200 1069 1446 721 797 100 17 1127 1201 937 1283 931 1098 1171 336 453 1151 247 348 1469 1440 525 1255 1123 44 696 502 976 1425 518 1087 592 627 306 258 48 778 698 214 892 180 692 288 1404 995 513 634 575 614 645 745 378 1315 1107 137 1371 1343 654 666 709 517 757 383 162 1031 95 301 196 649 749 1178 461 181 1379 968 724 1117 1351 804 753 791 1495 361 659 618 1472 1238 921 685 664 1244 832 415 1412 793 1418 87 1487 106 1382 1168 991 283 915 412 544 1288 436 1308 282 390 606 938 909 342 406 173 977 119 62 1014 493 309 1132 365 1387 971 1417 1373 509 429 693 495 1043 1332 746 85 1369 14 609 1149 312 1148 55 1133 1054 376 980 455 467 1324 1177 998 1312 897 314 386 1008 437 299 175 1331 556 549 703 760 819 262 291 999 37 298 21 1359 394 83 104 1323 788 917 1035 1317 1232 1344 619 1478 1409 1170 211 1005 1281 1233 1453 1378 462 1318 428 1273 1204 1252 954 612 928 279 945 573 371 117 488 629 1212 454 51 1072 840 1465 445 215 1436 1211 1361 1265 168 1075 701 526 57 389 1239 451 1403 789 1339 1413 924 1020 1156 596 527 669 675 163 507 803 487 447 328 1397 340 182 345 957 1105 1334 1094 1489 296 642 874 704 986 747 349 597 486 1311 425 1191 1085 514 1029 229 45 810 1456 1303 331 1061 366 305 307 310 478 1159 981 621 1162 827 1118 1080 1068 270 1091 868 729 750 1477 904 195 1249 1415 674 570 1299 74 1187 689 1210 273 292 950 11 1270 1237 1160 1019 1197 1392 32 1026 233 42 1184 50 1093 879 1272 127 994 60 1398 1459 333 300 1002 1182 1316 217 515 830 973 656 885 723 468 624 1053 631 829 1423 58 396 344 691 922 825 388 1229 782 321 839 424 1375 529 61 224 1022 767 246 604 370 1411 264 1102 219 683 391 1352 1340 725 672 504 402 1120 1103 1325 480 1158 193 492 1452 661 863 212 267 902 763 913 751 176 197 1355 131 875 697 695 1216 964 277 1115 635 1481 1266 989 1279 988 824 730 1261 910 856 350 24 241 243 33 1079 1499 304 452 641 984 1386 1435 918 1056 1011 521 102 715 1433 769 1424 441 678 816 1358 226 1328 239 1245 947 377 1164 1145 813 261 1368 293 284 1052 1390 929 667 996 1347 1110 784 411 1004 1126 1280 577 1025 1111 741 112 775 1480 790 1264 5 1282 833 743 796 404 632 1121 272 154 240 409 431 1077 66 192 541 539 1086 854 615 1263 1442 939 679 543 535 1082 73 1396 234 783 861 799 1067 1236 169 69 1073 660 150 610 463 36 347 1059 607 40 172 410 1088 202 56 1342 1461 209 1289 334 1292 540 1157 1335 1326 382 364 600 1001 605 520 140 1083 499 122 798 440 1257 648 227 651 815 187 1400 923 1293 96 84 1420 772 1250 1259 1492 742 497 397 503 834 458 77 29 54 1161 144 1012 1309 1060 153 1219 926 1109 877 837 1046 433 727 1084 572 1443 848 593 198 1134 222 1096 1438 281 434 201 464 1016 638 126 473 1307 1143 355 682 508 807 63 392 1013 602 1444 319 1208 516 34 620 680 67 1024 363 1090 594 828 1092 1460 846 457 707 248 213 13 985 558 1063 665 1494 372 1346 1030 961 500 151 1327 471 588 1467 890 1276 384 862 1062 16 475 1260 218 22 1357 1131 1142 562 948 530 946 626 1304 569 113 78 801 469 491 494 934 1138 506 536 713 699 357 1297 975 1496 754 41 983 194 1185 774 817 978 780 285 221 1180 1027 505 966 354 353 1163 838 133 1153 482 101 944 341 435 1167 551 677 1169 1393 346 1095 1437 694 1195 1015 130 1116 547 1146 1254 124 589 1470 1223 611 941 274 1141 1206 668 583 476 1406 125 466 1408 718 859 889 134 738 657 232 553 1198 88 737 1037 92 786 160 599 818 98 764 118 850 324 374 1296 603 545 317 1313 1173 949 174 762 650 1119 265 1049 1137 1457 157 643 485 903 1482 905 1319 1256 179 731 1175 1136 1234 477 1045 1430 761 220 552 1006 398 1058 852 1104 595 287 1419 1218 628 470 400 943 204 111 132 1262 587 1243 1247 1251 325 574 1113 1450 1337 1468 534 1336 1112 1032 719 171 138 812 416 31 136 1428 1144 38 236 450 900 1203 969 356 1253 148 1066 408 987 107 1227 1040 474 972 1196 393 255 65 278 646 734 1300 156 584 960 776 676 1258 15 216 622 1429 12 1394 155 1431 843 166 1360 373 1362 880 30 368 114 164 1484 1345 1194 779 439 808 1407 710 266 1426 901 1074 449 158 142 1367 1242 700 256 864 149 123 498 1130 673 519 311 933 418 1301 1380 1416 329 640 601 955 208 554 1427 245 10 330 711 876 1295 1106 586 1205 510 962 809 590 1356 295 907 1240 1320 681 781 249 1089 9 421 1476 766 1493 637 1231 385 1172 103 873 748 1225 379 228 1124 375 821 1475 501 52 684 1193 1445 1041 343 189 326 238 1179 1018 1329 419 1333 1363 116 523 91 919 1039 932 896 1466 1364 759 744 608 844 1007 422 1485 894 165 387 362 531 1023 446 230 1275 911 1050 86 7 524 560 831 352 598 930 542 395 1302 1298 413 1100 1230 1155 1128 690 871 568 1213 888 28 1152 0 444 8 758 1278 1108 739 1214 1381 93 128 777 200 633 207 836 1490 847 1376 43 571 1042 561 951 25 1199 997 559 1274 546 242 823 550 578 146 708 210 1129 1064 303 448 820 489 1349 460 1071 662 625 735 722 1224 1097 89 511 814 80 1354 1310 1306 19 1044 97 870 849 1183 644 257 768 263 1114 465 878 351 1028 1101 260 1447 528 795 1070 1383 670 705 81 1140 1341 185 1441 1181 115 496 942 1248 399 655 953 771 407 414 250 952 1271 1473 533 1215 442 188 716 1174 72 639 841 420 630 432 963 110 557 756 1150 959 1147 459 1498 1401 853 147 1003 906 752 835 99 1449 484 1226 205 712 717 49 335 1395 1033 206 82 857 585 636 974 456 120 895 884 935 992 323 135 936 623 1434 271 338 1462 1422 1305 1322 1455 720 145 806 613 225 184 647 35 108 1388 979 178 736 64 532 426 1065 26 1471 39 1290 1165 472 881 18 199 290 339 787 1353 367 617 47 671 401 79 970 1189 1291 315 297 1399 858 1365 27 1294 1389 522 1277 765 1186 438 1048 308 702 1286 1241 920 805 253 882 538 1221 443 152 1479 866 360 1038 1284 159 1464 23 254 1190 1051 76 1202 1366 109 792 956 755 869 773 891 1228 259 566 580 688 855 867 740 860 652 483 1391 714 1421 726 548 1135 139 1220 990 663 191 1217 479 912 851 381 1338 916 1235 1246 770 811 129 581 121 1405 616 822 1374 845 893 1192 1402 359 1384 327 1036 1047 887 302 785 286 170 68 579 1385 2 872 958 1321 565 908 965 1017 1099 318 591 1314 1285 20 826 6 320 1166 481 1188 706 1268 71 732 1269 1207 105 337 899 70 1021 582 982 927 90 925 1010 417 1370 1350 800 75 1497 886 512 231 1078 143 658 94 1139 3 686 427 369 269 1486 322 405 555 1176 1000 1348 1222 993 177 1458 1154 1287 313 1474 1448 940 1 1034 53 167 46 687 280 1055 1372 1488 430 403 794 141 1410 1454 1491 251 1267 537 1377 1009 653 576 289 1451 276 567 1076 244 1330 802 898 865 563 268 1432 1057 967 275 316 186 1209 1414 4 1122 1439 237 423 733 490 1125 252 59 190 842
2000.txt;1;TRUE;TRUE;16820475850;988996;1108 1693 1362 332 1548 179 1961 1617 1921 842 728 1751 810 1151 1015 114 376 550 840 1461 361 1115 545 678 1633 173 1223 1657 341 1293 1222 569 344 705 854 288 1053 1943 1992 1185 406 680 1112 1299 290 68 1047 262 4 1367 640 1829 1338 1493 1209 1419 1862 1183 925 1050 1636 858 664 412 689 1982 1494 1043 1068 556 1241 1904 756 1135 1451 205 807 890 864 433 1676 1563 1012 947 1593 1796 1572 1845 1007 562 1364 1404 56 923 1271 1319 1403 1677 1207 954 633 1578 1549 815 88 642 895 1171 490 336 1817 190 424 1061 224 1406 1864 913 1867 31 1438 589 1336 404 603 253 1142 789 796 1781 1878 921 92 1114 1526 112 838 779 266 551 1276 284 514 1672 449 276 1877 1026 437 567 105 834 1941 1363 315 631 1033 1879 166 1172 1896 430 1380 1042 157 507 776 1514 1092 1846 17 416 1440 285 319 286 310 538 780 1412 293 1214 52 1216 962 750 1603 1935 329 814 673 486 1987 1202 372 639 1642 506 169 641 627 489 699 270 294 251 1378 1630 1565 300 72 256 1662 618 892 1082 959 1543 534 1736 423 905 1793 1106 35 385 1792 1077 799 476 1039 481 60 759 1786 1694 453 1599 71 1589 339 529 1996 649 1179 1297 1680 932 1831 1815 582 1292 391 845 1816 493 688 483 1397 265 1596 1553 958 1598 718 734 660 492 351 1036 1315 73 1803 587 1952 1369 1028 1619 1529 915 1468 1418 1081 1124 1434 1604 1160 610 1647 1101 1485 413 1481 1019 389 442 473 1842 1471 898 1049 910 1750 1489 661 1240 1530 340 735 1778 1323 1475 1616 18 401 257 837 1612 155 1673 1605 727 249 1375 1770 118 1206 1772 1706 1322 531 9 1695 999 653 34 455 1071 769 886 1281 1975 1756 1272 1074 1116 411 1210 1993 1852 1100 387 1138 1310 748 343 1710 1446 1927 1841 79 1989 1958 795 1130 1098 313 1754 1220 704 1401 1681 967 979 1808 394 165 1948 1426 554 1027 1095 96 1790 1343 719 1423 752 878 761 1970 1777 676 462 1371 847 869 927 1035 324 1946 238 1203 347 322 714 584 67 781 1972 1991 826 362 1194 874 168 172 634 1302 1561 1199 287 1752 55 250 1078 1483 1990 163 1985 1166 934 1550 472 817 1678 20 1018 1625 26 1964 297 25 605 1753 94 1937 1614 261 1703 1273 969 970 1238 686 1006 1567 1891 1263 819 1233 282 57 1280 1639 672 399 1058 1950 1231 1632 1013 624 1512 788 1726 1275 177 1146 1444 1284 541 134 1010 601 1899 1341 1926 1507 1349 1835 484 407 792 1051 1278 241 1195 1499 511 595 1350 1545 1008 992 1708 1415 454 1187 926 1912 843 1365 456 1826 1761 1122 429 612 782 1495 1848 533 766 942 1093 1178 1075 993 452 1745 439 246 709 859 1056 202 1931 1258 670 1174 1211 787 323 836 352 466 264 1573 1479 77 1717 175 1217 1298 1383 422 1119 757 1295 1080 811 102 1486 1065 519 663 1129 935 1888 1755 135 917 457 1191 1148 1759 1242 1723 194 1983 1554 1099 128 281 1661 1748 1679 419 896 48 245 44 428 43 1307 58 1389 1986 1783 1016 1812 1104 777 1981 588 971 904 552 10 1932 1641 1652 1247 240 597 1046 363 469 1467 1482 1424 1794 607 479 1971 22 696 1228 1828 1930 76 1391 1838 1090 542 703 1345 474 1998 608 314 1688 125 1388 369 1137 1296 571 613 188 267 512 1097 736 405 1607 1868 720 208 518 952 581 1437 1000 983 317 1072 1150 338 83 1384 622 150 1306 1713 1327 1738 268 1834 614 528 1324 592 1491 918 1894 1221 8 233 388 89 739 1872 1774 1995 1558 396 242 800 1219 899 619 47 1809 966 182 480 1288 982 1316 1697 933 152 448 1820 738 350 1577 358 1955 1347 1929 1457 544 87 1705 420 132 119 1062 1643 279 1994 1702 1822 382 1294 1252 1144 263 373 1109 671 1787 498 536 849 555 1335 383 1923 1876 1858 1588 1398 729 1773 968 885 972 271 1454 1348 1618 865 900 1456 451 1968 657 1849 1634 138 1766 1936 143 770 326 1304 1433 526 1805 1168 1854 1881 1999 1519 1408 1959 1265 525 1165 1286 988 201 841 647 931 1270 320 537 228 573 69 1700 1400 1277 53 1898 1333 540 104 1344 853 1083 1353 501 1799 463 586 298 724 611 1807 1488 1534 1372 1973 1264 146 1070 353 1414 1776 604 1173 1648 1737 693 1069 1395 244 863 397 1001 1699 1810 1869 1595 170 1329 1301 922 1905 1635 1140 142 1915 617 230 656 1692 1608 1268 441 1870 599 737 45 1379 1965 1746 771 1393 596 311 229 1988 1521 1546 945 1823 1520 1597 1420 798 1023 1658 65 943 575 1587 763 232 234 19 1243 504 49 1789 1025 690 1895 464 1771 1266 975 1516 1439 28 1801 1254 790 1576 964 1502 881 937 767 1188 236 682 1733 1840 1861 331 1411 187 1394 812 1649 949 475 192 309 1889 1224 1428 1215 1917 1951 1508 440 978 1352 1741 1522 691 312 1246 1782 1269 1939 1260 844 226 1413 852 1290 1637 1331 1580 444 1800 1640 669 189 269 277 292 204 431 1055 677 207 1038 1227 260 1244 944 1654 305 1670 1859 465 723 1836 1134 1037 1645 1330 1827 1262 184 225 687 901 535 749 839 713 1953 93 156 1121 272 1882 997 920 565 1744 1239 1163 1182 95 1279 1212 768 802 659 1980 99 956 140 648 1145 1308 1887 1916 866 203 37 1445 1162 909 408 891 278 1250 1359 726 398 435 1096 1052 1448 743 1535 1405 1765 487 1675 1181 821 1541 822 1256 1574 1441 304 91 139 1613 1236 1392 1381 1525 515 711 375 30 164 418 625 638 594 754 1893 1555 110 1974 884 1570 1447 1757 2 335 80 1005 1536 200 620 616 307 159 1729 1340 211 374 568 914 558 1429 1683 1582 248 583 1245 186 1669 337 1091 1668 327 1237 1490 1334 1111 1689 546 1498 813 371 1626 174 1425 1701 1002 1962 1041 1128 1590 171 716 916 1328 561 1156 23 181 1492 961 632 1779 1709 523 1309 345 1317 1533 963 940 991 1167 1409 1126 86 1918 11 1911 1518 522 461 1452 1287 903 1538 116 154 1631 543 220 1089 123 1326 785 570 1795 107 941 1714 1517 1136 870 1727 1057 160 1318 820 1113 758 1339 82 395 1257 628 1460 1907 598 1031 1204 897 1934 1743 1474 1449 1547 1 1515 1161 806 880 494 1860 510 694 645 1947 450 1764 122 1874 911 417 1342 732 459 848 516 1933 216 532 108 124 213 29 636 741 793 1627 1537 121 1354 862 275 1351 1784 370 471 1014 97 646 214 708 1811 1289 797 366 1346 1044 1621 783 497 1504 144 1205 1022 1739 856 635 1623 106 1732 818 1606 1712 62 274 707 111 1902 103 1556 468 1611 580 1527 1003 1190 733 130 615 195 1466 1942 1788 740 706 1464 655 995 330 936 860 381 1524 1814 666 1186 354 1184 1152 1337 1469 1011 39 1957 445 1600 1620 606 938 907 1557 1767 1218 485 1076 1505 302 643 98 1969 623 998 368 6 1320 1159 1020 1853 1225 827 133 1064 760 873 488 217 1976 977 321 1585 66 547 153 273 953 764 59 702 1686 432 495 1127 1638 1102 70 280 392 1665 1602 1496 198 539 1653 1154 1979 590 131 209 1949 390 196 1698 577 1833 1656 51 1830 861 675 1978 193 765 939 117 1938 178 1139 426 1455 113 1818 695 1967 1832 303 1117 929 685 1769 955 1201 576 1954 801 325 1644 367 652 621 1720 1235 239 1177 1562 1253 974 386 1667 990 609 1402 1718 443 32 893 1586 1282 1158 306 1813 1903 877 1715 1847 1045 1622 162 1871 1837 1321 1724 1691 64 1107 360 1472 1358 1664 403 871 1897 348 90 791 3 1855 1234 579 1844 1594 919 721 872 1125 804 1427 786 1261 630 1312 40 1509 1357 147 1229 626 1073 1568 825 308 684 1386 1060 136 805 1742 109 346 1875 1659 289 1747 402 446 1149 42 1696 299 291 148 85 349 559 5 356 1267 1285 1497 1863 470 831 1956 591 530 1735 1291 254 1798 1430 1856 1684 1909 199 176 1539 1960 1470 180 1390 215 482 1624 1120 342 496 572 984 235 1110 359 1094 161 1540 665 742 61 1824 509 1103 409 1821 1480 1646 668 100 218 712 1731 1079 1914 81 1721 1730 14 1511 521 1155 887 654 744 1435 1892 1164 745 183 1314 1928 393 1610 1523 1259 1804 438 1780 296 1900 1196 824 1088 252 1067 794 747 1722 1510 1791 243 1513 830 1885 129 500 1655 1629 1575 1034 980 210 1797 1376 1432 1325 54 158 1305 7 816 524 258 137 1825 578 1004 1682 434 1843 378 1919 1997 1208 725 1966 283 1200 1189 1462 221 593 701 1197 560 505 1382 1749 746 1806 1763 1734 508 1313 84 365 255 585 380 115 1465 851 1886 1920 1506 989 1176 74 15 557 1157 513 1984 697 478 145 502 679 808 50 379 1255 1377 1963 1775 1560 1355 1707 1387 1857 882 414 377 564 1674 1356 1740 237 101 717 1086 1143 316 1230 1396 1283 527 1374 1476 1133 1850 197 828 1651 1884 458 41 986 1084 832 1385 191 1170 730 637 12 1118 1650 894 1487 460 1977 1579 357 1303 1450 36 563 1839 731 951 1141 1802 1865 1360 1032 867 879 1085 384 772 227 1180 1442 1559 222 710 751 1910 784 499 24 1193 1251 1908 1017 1528 602 876 1671 1213 803 223 549 1728 644 415 985 553 167 1443 1758 1123 773 1687 151 833 950 503 410 667 1478 1922 1690 1945 0 38 1615 1477 658 835 1087 1153 1232 700 1054 674 1105 1609 1147 425 141 295 888 301 1421 517 1583 355 1551 928 1009 1944 231 1542 889 46 994 1566 400 1666 1422 63 1473 973 1592 1361 662 16 127 855 477 1226 1274 1373 1768 21 328 996 1883 1591 126 762 902 809 650 1169 206 1368 318 1458 219 912 1484 1063 692 1407 364 574 1503 965 924 427 1685 683 1544 715 1248 520 78 1030 1416 1760 883 491 1410 1564 247 467 1704 681 1940 27 1819 1601 948 775 987 185 1901 981 1463 960 600 1851 1500 1048 1552 1571 1040 846 1925 1024 651 1924 1370 1399 1436 1584 1581 1663 333 13 906 548 33 1569 957 1175 1719 1459 908 1628 1660 1192 1131 976 1066 755 1021 1873 774 1880 930 149 1332 212 753 722 1906 1716 1532 1198 1785 850 857 1501 1762 1132 1059 436 1431 566 1366 1866 1249 1453 1300 875 1029 1711 1913 75 259 778 868 946 829 823 1531 1417 1725 1890 447 629 698 120 421 1311 334
2500.txt;1;TRUE;TRUE;2,52914E+11;1062852;1471 337 2456 1686 1658 1731 1927 688 2354 450 993 484 440 2311 370 336 1520 2281 794 753 1342 137 599 20 42 2313 364 1930 1331 2153 827 2409 2353 2467 973 830 925 740 936 588 1541 2144 1556 46 797 1261 272 1946 1543 776 2124 2302 1788 2250 1539 383 257 394 634 2270 1627 994 2338 445 606 2355 39 790 68 1561 499 2004 2384 123 73 1233 1773 2474 2131 362 1878 1102 431 538 1947 802 589 952 2460 2442 1016 627 2066 2110 2381 1667 2094 43 667 1134 238 492 92 1573 325 1316 104 1735 526 49 53 1598 2285 700 259 754 152 1557 2320 2367 1379 224 1107 567 758 2033 309 1511 1765 1341 189 1111 169 2134 2003 103 1420 891 771 1447 1256 170 382 1497 1880 2430 166 555 1993 1033 494 1172 181 2306 191 1876 1751 365 1399 1736 893 1639 778 2015 578 135 917 2420 391 1852 2150 739 2032 523 1133 877 109 1198 1622 77 1701 924 380 115 1834 1074 2034 1783 1208 1620 962 1594 491 106 202 556 767 1315 1651 2218 1174 120 2450 1203 1998 314 1644 54 354 1590 1925 694 117 2298 503 461 1868 729 147 756 385 604 575 2328 1934 1270 1375 1036 2112 833 2212 205 1309 1897 159 335 898 231 1808 1810 1544 320 487 607 395 2242 2283 1554 571 1811 1361 2305 1995 413 2279 921 16 1122 1149 2173 1833 1344 533 880 2321 887 227 631 2240 514 446 608 278 1346 2426 2396 1607 747 28 838 1792 572 9 1257 296 2076 27 1702 728 1047 1021 1057 2210 848 720 1593 858 1147 1 1200 31 416 1030 826 2023 628 1064 2174 661 1144 1156 196 817 1216 333 509 45 774 2039 1376 2179 2098 502 1298 242 614 872 1747 1067 1955 1608 845 2149 1512 2176 2049 1390 1285 1712 1472 2154 1260 1822 1025 964 1569 769 978 1218 1723 1778 2478 1153 2318 113 841 1035 369 1278 2102 1820 717 351 93 1759 2357 1297 741 378 1838 1383 322 1130 582 306 258 2193 2267 647 1794 2263 1679 2307 1771 2438 1435 639 1906 490 2452 1974 430 2481 544 128 2417 1452 765 79 2160 737 1227 1592 1158 913 780 795 107 733 1206 2369 1504 975 1017 965 1155 220 26 2086 334 425 1466 1253 1235 1495 2259 1001 894 2280 1614 1533 1941 1781 352 1568 1706 1516 1469 185 1394 1872 119 512 2391 1446 1328 551 500 223 2265 2000 1221 420 1584 1728 1859 228 1710 1546 2269 1540 930 2081 1222 871 1961 1756 62 2130 2055 138 1984 1894 1306 1290 2170 1096 1802 200 2108 2080 786 1008 886 613 1911 1333 1432 1354 310 2099 221 2142 283 180 711 2382 482 1125 271 2122 1693 1403 1531 214 165 1103 626 1776 1884 1564 577 437 1296 558 1864 275 1165 2072 36 2189 1089 1522 1082 663 617 75 230 2436 2342 888 1213 1722 2424 1197 1397 1259 1459 2296 596 91 497 1997 1077 464 2441 1286 929 303 721 1455 1696 2401 916 17 13 2222 2061 2128 1463 735 652 59 702 281 2127 1099 255 1362 2159 537 1972 859 2472 2116 1400 457 2463 1589 71 1196 1936 906 451 481 1570 2261 1131 883 2464 2006 530 864 2334 1739 1905 529 632 143 1094 1405 1691 2359 2091 1976 2013 881 2278 707 557 1359 1372 2051 2395 1530 2191 686 1357 1524 1491 1642 89 839 1279 1854 1579 1249 1527 1914 1465 1095 581 44 1072 357 2135 217 515 2379 585 2446 1377 204 2377 772 819 297 1922 1782 136 1365 1630 298 2440 997 597 1809 1324 1964 1113 1695 498 882 1157 2284 2303 37 379 2119 1845 82 1857 69 1073 1519 251 319 1920 267 1741 884 2358 229 2143 427 1653 2437 2271 2470 1224 1410 970 1830 682 992 513 937 32 358 1840 1917 2079 1499 186 1510 1119 1478 1265 1423 269 1871 2096 1318 2385 2235 1951 1484 1916 1436 2063 1637 1393 1957 762 317 522 1363 2323 592 2087 1461 1438 1646 1685 323 1013 1367 1634 2449 2101 139 781 131 1116 570 122 1959 342 407 1958 611 1785 24 316 860 2376 2019 84 5 176 1707 1848 1451 57 110 1562 1521 338 400 101 340 2468 35 2331 915 414 2364 1625 80 743 2488 1901 2301 47 1244 518 2192 2009 182 2068 1850 130 840 74 2350 2037 2202 1169 2221 2022 1180 2247 655 726 2457 2415 1860 21 684 2114 1931 1671 1056 2180 825 1004 1725 1793 637 1322 1908 1053 1973 1606 1613 1295 1356 2058 677 2074 15 2344 1505 1392 449 828 164 1226 1264 1020 1611 1204 241 2200 669 2129 1453 727 1980 2042 1141 1121 1288 1863 3 1587 1720 2429 105 2291 876 1003 2028 2187 1682 2345 810 1883 473 1769 1329 1476 770 415 1202 63 372 1026 2410 1825 920 2480 345 1666 1506 56 1636 2223 1422 300 2125 1668 554 321 2339 192 1996 1853 2137 949 2016 783 1924 2273 2276 260 175 1921 701 422 1966 1040 1167 2196 1719 1576 1612 2185 2248 2288 1869 2489 1486 1490 1062 1752 863 1661 307 805 11 2348 289 1912 151 2147 2226 857 521 1428 719 1415 674 535 672 359 1711 2217 2314 249 1796 836 341 1314 1485 1665 1960 145 1956 1255 373 2418 360 752 1559 215 2230 2158 2219 1426 1835 835 1699 2373 419 1827 129 1054 424 2363 1430 1926 1893 2427 712 121 931 1943 1515 1586 346 1037 1128 48 2208 1274 1449 622 1429 510 2304 892 576 493 1317 1063 1475 1828 1070 1199 1935 88 253 285 1115 761 1832 664 1963 1721 943 38 504 264 2146 1560 683 678 2448 2483 1051 2352 988 30 2241 927 1231 1085 1717 1572 1650 644 573 1737 2423 2492 1954 78 2266 1895 2067 1450 247 996 211 1416 222 1011 2069 25 2297 1944 460 1127 1223 1536 955 922 1909 553 1655 501 1229 1617 2432 2024 2413 1716 2292 83 2394 1427 1803 1124 1757 1767 2317 1900 873 1615 1307 301 601 2322 1938 901 1844 1855 1311 1078 478 1632 124 1000 1975 1083 942 875 1535 2360 475 1190 1659 1898 1369 879 736 751 245 86 1626 2171 1881 1014 206 852 666 466 718 2095 1409 668 2105 2287 524 1727 2201 112 956 2419 844 1012 349 714 1674 539 4 1326 1283 1969 2060 1804 517 1382 1050 426 2111 2100 1558 2186 355 2089 2090 1366 912 1688 1882 2244 2199 1529 800 734 991 2165 1812 853 2393 837 904 2268 332 1247 2109 1071 2299 1798 343 782 1748 1276 95 1444 2397 2256 1075 814 995 381 1238 1583 1817 276 304 1910 656 1965 1402 1550 2184 153 2093 315 173 940 528 2255 508 2059 2177 2398 1847 1114 2249 1215 749 469 1182 2406 1160 1417 472 560 132 234 1106 64 1740 207 1889 807 2258 290 127 356 1413 1813 453 1087 393 2205 495 650 1619 779 2439 1821 1836 1319 2104 2378 1763 2374 703 376 286 2183 102 1618 986 1135 1242 1753 1523 1819 1928 2326 2020 1700 1272 2031 710 1999 148 2497 2388 2046 1654 1049 2372 1488 824 1496 1754 657 1210 1380 801 2375 948 240 2455 97 1609 2277 1760 1162 1439 1758 1137 813 367 2126 671 2390 662 981 1321 2118 1826 458 52 190 1837 636 2141 910 1126 1166 2136 602 939 226 1790 1345 600 218 203 1498 946 1518 2117 1332 1271 1395 536 2027 1192 1179 1104 2198 2486 1745 2484 1431 1831 1514 869 1755 2295 2370 696 439 1022 1994 1879 1132 2356 2469 1733 989 2166 2405 447 1829 1538 1886 1669 443 959 1979 2148 1676 1281 1772 2168 2047 225 709 1605 2337 1209 1005 168 1292 1628 1824 2245 1170 1364 1308 1034 1581 849 1006 511 2434 2138 812 1599 2164 1396 2451 642 312 1709 1337 1743 562 277 90 363 987 2113 926 598 2333 1663 1138 693 2029 1349 1989 1932 1596 2021 1507 1028 133 1631 1407 932 1181 1473 1079 1177 174 603 70 899 911 1269 974 463 787 905 263 465 1681 2229 1509 699 506 398 902 1038 268 404 2050 94 763 1327 968 2407 730 1098 855 1384 621 2030 1585 187 615 67 625 1189 149 2414 1086 1862 2371 1487 1352 330 199 2012 1460 960 1442 1571 436 22 658 645 624 744 1678 2399 1355 941 2167 1933 843 919 2088 434 2309 99 799 938 1603 1873 1982 308 1962 2139 2236 2206 1368 406 1336 1136 1732 471 2282 1547 1508 623 2107 1458 1061 951 809 1574 1742 928 279 2447 534 1414 72 1890 1201 548 1800 2044 2152 96 1638 1060 1992 401 87 2402 1339 2453 50 2362 2365 1703 1300 1406 2085 1389 1236 977 1929 865 1623 1159 1913 184 755 563 933 386 979 1575 550 2017 878 1323 1532 2026 239 870 1468 2214 1421 1391 2121 40 2045 2070 155 935 2343 459 820 2195 329 183 1411 832 452 467 1887 1616 1100 1374 680 2065 689 1245 1885 773 1232 161 348 489 66 1874 1662 1193 834 2220 208 1677 708 1434 2494 1907 961 327 1624 108 923 1412 1851 1335 1526 2057 764 766 815 651 1779 216 1433 998 695 371 1799 2416 746 2140 609 2007 157 2300 2097 716 294 1195 731 1942 635 944 1704 1967 2274 2082 1310 1252 1553 1220 2204 98 1744 1513 1386 2251 2471 760 417 1597 1404 2188 890 697 715 2161 1313 2227 1088 1467 496 1940 2257 545 2400 1066 1055 2075 1146 945 541 293 742 1517 990 850 908 1042 2380 1474 353 125 305 586 2132 594 442 114 2496 1708 1652 561 1734 1582 1548 593 1610 2485 527 1187 2349 713 248 856 1268 1291 1784 1577 344 1205 985 1865 2475 2151 252 1493 1437 748 1065 552 2286 6 324 1578 1239 403 2056 1985 418 1262 1843 2294 126 784 250 963 1142 1640 2341 2327 1968 1600 1120 1304 1856 1480 862 1919 1045 10 2465 158 1052 1621 468 2479 829 1766 2260 2225 1738 2207 8 641 1841 1477 1563 162 1815 2238 368 1892 454 2290 2346 775 980 907 1214 1018 1178 1689 1338 1031 1353 12 653 2228 154 1948 2 2237 2064 750 1048 643 1899 486 1970 432 896 273 1791 1690 1726 2052 1175 232 2383 2025 2115 1243 2246 565 1425 2458 2454 389 1267 2038 1294 947 1299 1730 1148 266 480 1176 846 55 280 2005 547 1918 2040 299 2499 1649 1101 999 111 1492 1282 402 194 1483 983 2487 1635 1525 58 1552 1388 438 2043 1401 448 687 1953 1171 1373 610 150 1360 23 542 659 1713 1240 1091 2421 1987 1714 2498 2272 18 254 793 1378 2473 1109 1818 2411 1191 2216 1633 1870 1991 1058 1343 331 861 1470 1302 2145 1528 295 2495 1588 630 311 1334 816 507 648 1494 1694 2123 1454 580 1289 210 1330 1419 2477 2493 704 2476 1777 1246 984 1139 1443 1724 19 142 543 847 1211 1032 377 1839 1090 2213 803 2077 738 2172 2403 690 1029 2194 246 1408 1385 1770 2103 455 1565 2445 1891 1044 2386 81 1629 141 2319 1774 1462 100 1683 287 2181 408 177 237 390 796 1188 619 583 2014 791 2243 456 725 235 1877 197 1761 2315 1152 483 2293 1787 811 568 397 361 213 2433 1789 1762 140 868 2073 1069 595 1081 957 76 146 2048 1786 1284 1729 698 60 1949 723 1234 1805 1602 265 1904 2361 1076 2435 874 822 777 34 118 982 2231 209 914 519 318 292 1273 918 722 2092 85 2389 1542 1672 866 198 1601 270 706 462 823 1002 1440 1641 1448 2332 282 1080 2155 328 2001 1263 2010 745 1129 1251 423 2233 2035 1424 2444 705 531 201 1039 179 412 1567 692 2053 1780 1046 167 2162 243 2325 302 505 1990 1566 867 2366 1660 1687 895 2106 685 520 660 818 1670 759 1441 7 1801 1358 411 1750 2387 144 375 1445 2224 1537 1675 1937 2431 1807 851 1795 256 1718 2209 1303 1456 649 1212 954 1112 1010 540 1457 2329 1816 1977 1173 1230 1007 1277 605 2408 1775 193 549 1217 579 2428 646 156 1580 1163 2084 116 41 1986 566 2054 1647 433 488 2008 1534 2018 2392 900 2443 788 1823 188 1545 172 2336 1009 2182 2482 1145 326 1280 2062 1903 2234 1019 673 2011 1923 1293 724 2215 1320 1978 1254 2169 485 903 1481 2491 670 1068 1842 1697 1673 1705 532 409 1768 804 171 1861 854 1241 1656 616 347 831 1867 1371 387 1692 178 1866 569 909 792 897 2312 969 1154 2252 654 14 1207 1657 2368 618 1764 612 2459 1351 1981 1715 1225 1186 976 479 1971 405 1325 2404 2351 1387 1108 477 966 2310 2330 1502 885 2156 1350 1084 675 2462 2412 261 665 2211 1814 1117 2178 638 2197 2036 33 2316 291 2175 163 288 789 967 429 441 806 972 476 1143 798 1164 953 1258 1340 889 219 384 2289 1312 1643 1684 444 1097 1915 1952 313 1024 1482 1849 0 1348 51 1858 785 768 1591 1664 1464 546 1875 1888 1501 564 587 2254 1093 1015 2133 1275 1041 1027 1680 516 421 757 1118 821 1287 1988 559 676 392 233 1846 629 212 1140 679 1301 1418 633 262 1902 244 399 971 1023 428 1896 1059 1237 620 1806 2002 2466 584 350 691 2203 1347 1479 1184 1168 2490 2190 1381 1123 1983 1194 435 1500 29 2083 1555 808 1043 2163 1503 640 525 2262 2120 1092 474 950 842 1370 65 2239 958 2422 934 1183 1228 1161 1595 1945 195 1549 1950 1645 1248 2253 410 1604 236 1698 2340 1648 2425 1151 1305 2335 388 160 1105 2461 1150 1489 1110 2264 1219 2078 2041 1398 590 396 574 591 1939 1551 2071 1250 1749 366 134 2308 61 274 2324 732 1266 339 681 2232 470 1185 2347 374 1746 284 2275 1797 2157
3000.txt;1;TRUE;TRUE;-5,23598E+11;1360250;1228 2108 1539 2840 2000 527 2117 38 1064 2226 1261 910 2007 2428 2918 2796 367 2355 2186 427 1531 959 2580 649 626 2995 1049 1056 1113 1407 909 1189 1291 293 2177 220 348 784 783 1599 16 2731 1067 615 1777 1532 2411 667 1713 2188 617 1915 711 963 866 1670 1497 29 508 2150 830 2718 1419 2407 676 2562 1200 833 1490 2877 1318 2902 690 2002 2236 2370 825 571 2353 682 492 2336 2989 1765 2573 666 1639 283 1466 2532 1836 321 8 1278 1966 2642 727 2333 2362 1115 1285 1390 1860 1684 2084 2431 1822 1536 1779 1154 1102 2644 15 781 2704 1331 312 776 2327 2347 2816 925 418 1222 2639 2489 2309 903 1012 1127 2066 307 2473 1093 2321 2451 557 219 1992 2335 2016 1852 661 1748 2903 2153 655 2739 2663 964 2139 1295 1063 2348 2500 1165 1485 2710 2592 1343 90 2314 1048 643 707 2394 2019 5 118 1803 448 1757 497 2798 1467 756 2732 162 1488 2945 451 7 985 1415 2083 668 2272 1456 225 2884 1621 2110 1614 2789 1729 1504 535 1477 1811 1162 593 1062 2793 1465 1473 282 299 175 187 21 84 2865 2769 1762 2780 2050 1850 2983 1175 1037 1304 165 2831 2845 2777 635 2034 2520 233 2600 1533 2032 36 1963 2691 782 2410 364 1908 2716 822 2874 377 1519 2113 1753 930 1926 1997 2827 2747 1566 2249 1396 1187 130 1615 913 1720 2743 742 2479 342 2130 1804 2593 677 922 6 320 2047 95 2412 1712 2729 516 2557 2517 2096 1894 2806 2695 722 2235 2160 762 2120 2310 1659 250 382 421 2518 1911 482 625 2418 2766 1243 330 439 1260 475 1556 891 2548 1663 2455 2599 2454 2168 994 721 2344 2014 1646 2078 657 1673 126 574 2662 1356 1205 2069 2289 1339 2801 522 313 1662 2531 2257 983 1277 2269 911 2164 2810 129 1612 55 1541 2173 2559 518 1300 2013 898 731 700 1 759 279 2446 1322 628 1375 1029 64 1916 2175 2982 1834 249 139 372 2803 453 950 2694 958 158 239 693 2059 1730 1785 1611 785 558 2701 150 2165 1896 1457 2878 441 620 2037 1724 2850 821 481 855 724 1178 2103 2992 1946 2229 2680 2625 1731 1658 2529 1626 779 2696 1508 940 1661 2024 1944 237 434 683 1715 1584 1481 586 123 2761 2395 1619 41 2459 1578 295 395 2042 2693 989 1199 310 697 1471 1460 2359 2651 170 2596 771 2588 37 980 1906 173 2566 1935 1975 2196 2213 1161 2513 2157 294 2964 577 258 2510 111 2610 414 2944 2654 2300 2337 356 1698 1105 808 952 491 1902 1347 2403 2601 2472 616 144 531 1464 2251 1122 2598 794 2846 2111 2154 1157 2290 2575 102 715 1672 2253 905 334 1032 2546 1961 2172 2570 1723 1798 431 687 2045 551 1472 2080 137 1099 2770 674 260 2820 2234 2897 2178 2875 2861 1130 840 2876 1358 1596 1772 1793 2749 1884 1974 981 2991 1957 2377 1624 1575 611 2189 43 1383 424 201 1797 2635 624 2553 637 1524 2526 2886 429 1825 96 33 1079 48 1150 714 1838 883 430 2988 1184 2757 120 2537 2735 2029 2025 2674 1224 1219 995 1402 1681 962 1826 1310 1558 1423 2233 1149 1980 656 1912 792 1169 346 506 1482 2405 2373 1051 1426 1881 1991 2338 2091 397 519 1634 738 1308 2645 2842 2323 1239 1951 19 2491 2064 2763 303 1231 1585 769 1562 1554 65 777 1250 352 2720 578 1725 2866 1146 791 768 2979 2043 2094 2137 906 520 1694 263 2614 671 1163 1355 1629 581 331 2361 2383 2261 1610 2326 2727 2891 1408 2987 496 1478 2485 2211 1928 2890 1479 1886 1939 423 1181 1329 1166 1126 124 81 1002 1743 2397 1800 1669 1802 943 196 2574 351 1945 1888 2384 1810 151 2569 2544 1875 1320 2722 753 2222 2217 406 1346 1433 1788 198 1454 814 72 2702 1914 296 203 1603 804 1468 2035 2618 1022 1971 2906 797 463 1805 1004 2888 277 2772 2985 1895 499 2209 1931 2414 386 2241 2180 2556 62 1391 567 732 2712 2765 2582 442 1688 716 1191 2587 2076 1233 1565 209 2147 2095 1387 2943 2073 466 179 2265 2060 644 110 2101 2606 1001 976 1209 1774 1141 2387 67 1237 493 345 2318 1013 841 602 1625 2959 2536 2288 2609 2773 2490 2119 647 1535 404 603 2307 2881 1338 510 1808 921 1513 984 641 2967 1274 2783 192 235 2315 1176 2329 2145 2415 452 2340 1550 772 1283 729 1117 1492 829 1835 2040 2122 1937 1299 570 1288 2551 176 2499 291 1637 1313 2155 1973 2607 1201 222 153 2538 2829 2885 2243 1133 2742 798 1254 1145 2240 2247 809 818 1666 2905 633 1303 2525 1379 2652 1641 2869 2232 2685 1982 218 2667 2818 59 2993 500 2195 1301 1380 1579 525 1050 902 2917 1570 396 243 2858 1965 2670 601 2899 2169 938 1613 2762 157 888 796 1484 27 1173 2775 1674 1240 2530 2913 1721 2647 1735 2673 1707 1683 135 917 2505 2330 1778 555 2916 872 1699 1665 1028 1851 568 2049 1617 1988 488 2626 708 967 2736 882 1745 2239 2401 289 131 629 1212 285 514 2586 2134 2823 446 965 156 39 1080 1941 1077 659 811 1867 1311 2142 1956 754 1496 323 1337 109 2968 2242 2744 767 26 2319 2334 1114 2996 2898 2683 583 1979 2664 2750 956 1754 1523 2516 1580 942 1248 852 300 562 178 2554 730 141 2296 743 1008 1697 2576 1561 1873 490 1517 2089 1855 1706 2301 2851 1307 305 478 100 718 34 1503 2286 479 953 1368 1428 2753 663 117 1981 1877 1633 1409 92 1334 2311 810 70 847 2892 2067 2015 2221 2936 2668 2721 1495 709 2349 2697 1265 741 1898 813 1306 1020 213 13 450 472 60 1385 2079 706 894 651 2400 2935 2072 2942 817 1429 1938 1692 1328 961 1045 1841 2262 1571 896 1194 1123 2509 2930 343 2578 449 473 1795 977 66 1525 1255 2792 2508 193 2507 1955 2312 2244 2922 879 2449 1660 2390 2533 1030 417 509 2523 73 539 189 2726 1741 1202 1182 2352 2677 2023 1360 2184 1837 1190 1435 2514 18 622 681 2515 1696 1081 393 121 2143 1563 484 2707 2665 831 1447 597 1616 1363 44 2036 946 1437 2382 494 2051 1627 2030 1388 1362 511 2824 1384 1111 1573 1082 1527 1294 801 2423 2464 246 2955 1506 1854 2863 590 2424 56 202 2478 2039 541 2492 1976 357 573 2690 895 2271 322 1425 1395 1349 1192 2345 2828 2686 2191 2305 362 256 864 1448 948 632 375 2343 719 546 350 408 2258 2038 2767 564 2957 2893 2017 2714 2033 2882 2161 2227 2198 2613 600 2868 686 1381 553 1316 276 2255 1208 1553 167 2949 1330 503 824 788 2872 739 868 1287 20 160 2212 1397 1167 325 897 1174 1869 128 986 1630 1983 1066 2655 899 1977 2093 1891 1238 2684 2206 1936 2649 2809 2977 1136 1296 1058 2199 1632 164 2867 327 238 2179 2947 1958 1036 2547 122 1153 2469 1124 1416 1017 2266 1476 1179 1740 2124 728 1382 402 2620 1010 2402 924 2847 208 2218 119 1217 2848 1552 957 2611 2969 2409 2760 1899 664 1695 2909 2018 432 2131 2633 720 2621 252 1559 1072 703 23 2422 2853 1574 848 1794 987 2764 799 349 747 335 2375 360 2372 2368 927 684 2425 363 1414 2901 931 228 979 52 2590 2746 529 1453 2106 806 145 648 1230 426 835 2699 413 1403 1874 610 68 1736 2287 63 653 152 69 1828 863 148 580 278 2998 2594 702 415 147 1786 2700 1069 1420 1787 287 2381 1645 288 2192 2256 2259 842 890 2572 1687 1197 837 698 1267 1996 712 205 2260 82 2220 2263 477 538 2193 949 2494 1560 1263 384 1817 2800 2836 2487 93 1628 815 2291 302 1095 2924 1640 563 1547 1704 513 1332 2776 2299 1323 1427 612 2962 2342 736 389 1781 2162 856 2273 1259 642 1857 502 2163 1691 1994 2844 2447 1489 247 1042 561 186 1245 1139 650 2245 1247 1998 1818 1865 936 2843 2404 86 459 1432 2579 1848 2460 1921 1185 1932 444 2894 1333 1587 1269 105 1078 231 2087 1597 1203 865 2467 275 316 1223 166 2371 1071 1469 195 241 2183 422 1444 2268 1949 2682 1569 971 2216 858 692 378 867 2136 1365 614 2511 2204 2480 907 2560 369 1769 2128 1284 2768 2102 227 501 1761 116 1515 2374 816 1431 892 1000 2948 1110 1985 764 98 575 2187 412 2100 1156 311 566 2115 1863 2629 456 2146 2927 2708 537 2426 2495 2822 1142 11 1272 2961 2476 2292 2497 2711 849 870 1298 2755 1919 1085 436 2849 1353 400 2632 1417 465 1512 1059 2821 142 1221 2484 1545 2778 990 1962 582 1234 823 99 274 1229 1749 2393 281 749 1933 1060 1186 800 2012 1218 851 1014 206 234 1244 1100 2276 1445 1821 569 1631 1392 1501 839 290 1483 2636 136 1213 445 1031 2887 2123 737 1618 757 1241 2482 1856 1813 1954 14 688 1776 2357 2940 2231 2278 920 1701 464 2248 1812 1734 2062 2974 2740 2465 766 1595 1755 1052 1784 1074 1511 1455 639 1098 793 1216 1065 1548 1950 103 873 318 1880 997 416 596 886 2692 2126 410 461 2678 1840 358 32 28 89 786 1168 599 2250 2208 1271 2107 2356 1879 802 1675 2787 2477 79 954 2975 1993 1094 2430 554 2116 411 1858 2638 2475 1132 2380 30 2521 2306 654 2807 2284 31 528 127 696 132 2138 2602 1024 972 530 1354 191 1007 1367 1943 926 2648 2413 1319 1656 1204 2026 1864 1862 51 469 474 2758 2277 2581 324 1984 2316 1068 1522 1581 2085 1350 750 455 2006 780 2595 2534 861 1907 1341 185 2098 1677 1054 606 1177 2252 2852 1678 1544 2623 2207 194 1792 1144 1538 1091 2433 1057 2295 1084 2542 267 212 988 2552 1364 1009 1377 2285 521 447 332 843 2782 2070 1775 215 1520 2986 2951 860 113 2004 607 112 1989 2577 2044 1152 2246 645 2020 2567 1164 1568 2453 2144 2351 933 498 1410 1198 1075 1286 471 2799 2660 1480 17 1680 229 1040 1732 1369 576 1509 1321 774 2788 1737 2571 875 2364 812 877 1404 2399 1986 2604 2174 2328 1092 2919 594 273 1389 2920 2468 745 1728 973 2293 1412 1913 658 876 1047 2616 1833 844 1378 177 2358 2870 1289 2564 1463 2728 1859 1276 1647 1215 533 2973 2630 1890 2650 2171 2815 1801 1849 2001 1257 2880 1583 951 526 2201 549 1442 2958 301 1151 2971 2 211 652 2223 705 670 2437 77 3 2420 458 1505 1373 2756 298 2640 74 2350 1537 1424 2724 1359 394 58 336 1773 1210 2170 2966 2071 1722 1462 1649 2462 1590 2197 1591 2304 2398 1195 613 970 1155 2438 392 2461 2099 174 2908 2631 2797 975 146 308 2264 1016 2672 2003 1348 2470 2097 1461 585 2488 1820 1782 859 57 161 1635 944 244 169 2994 2934 2450 2954 2332 2302 75 4 108 2619 1872 1521 390 1106 2339 1475 1868 751 1676 2752 376 850 1507 1796 2830 937 2779 2997 101 2923 923 1400 106 2813 338 1089 523 2140 46 2859 874 991 1011 1824 2152 483 1526 1325 1103 2709 2483 1968 1903 1170 912 2634 359 2591 1876 2814 171 104 618 2972 374 1109 2408 2931 1718 22 775 368 1459 1790 1096 1887 1005 547 257 1421 370 694 2723 1336 438 420 2341 138 1671 2109 1128 1789 2675 1819 383 1019 2274 1101 1806 319 2435 2493 820 2501 2984 572 1440 2873 467 1140 710 149 2185 1682 947 268 45 2826 1335 2008 803 232 1690 2585 2378 1564 532 2584 2104 1930 1760 2812 1021 1679 889 240 2280 1592 361 2214 2938 1252 2817 679 2419 1809 2448 752 1256 2092 758 2367 2118 1942 1270 504 1486 292 735 763 1827 133 2653 1148 2365 371 2965 1924 1351 878 934 1138 80 1411 1135 1044 691 344 1398 487 2976 1510 1927 2215 224 2915 996 787 1134 1514 2313 54 1262 2396 919 726 1892 2281 1604 2463 680 476 2121 304 1882 517 2203 269 1657 1399 297 621 253 2294 2643 2656 1264 678 1918 1073 1717 2612 1655 1668 1598 2825 405 314 1371 2981 2129 9 505 1493 665 1236 2741 2637 2075 1582 2751 795 1097 893 1703 2320 236 1041 536 460 832 845 391 1352 1340 591 595 1846 366 1451 2717 226 2376 1845 1716 2303 939 1253 556 1708 1964 1897 2896 2528 1309 1418 2159 2385 1770 2444 1282 1922 204 1588 2237 42 1324 188 2275 1530 2565 385 2200 2535 1653 881 1302 2190 2068 1458 2786 53 155 1929 534 2041 2081 1832 1193 1015 2864 470 887 1342 608 2527 2956 2388 638 1312 1090 2933 565 255 1940 2808 1726 1766 398 1751 271 1487 2421 2748 2719 2369 428 1807 588 2135 1756 789 634 1799 1967 2681 265 2432 2658 2907 230 507 685 2056 1952 1816 1158 1366 2703 699 1053 744 2503 1551 2950 1534 242 114 662 1738 2238 1549 2549 2666 543 770 2627 1088 559 755 2021 587 1759 2715 1108 480 2512 1644 1125 1430 1327 2862 880 2705 1546 765 1917 10 245 1027 1043 854 2386 2791 217 259 2805 2167 1689 2871 1542 486 2912 1710 333 2127 2781 2481 1405 1502 1266 1258 1923 540 1292 433 1046 2474 1654 159 918 2745 1920 1594 968 1650 2628 182 2914 1494 1609 2379 2854 846 2009 2176 669 337 592 1087 1232 2057 672 862 1586 704 713 1642 2583 284 2133 50 2921 2785 1314 280 35 2331 262 1791 515 2774 1171 49 1394 1500 2354 1086 210 2519 1137 941 2725 355 1143 2990 2960 579 1910 1969 2283 1947 1747 2308 2841 1643 2158 94 1450 264 2932 2061 552 2506 2889 207 88 286 857 1529 2790 673 2733 435 2837 2970 2055 328 354 2202 1999 2010 631 2267 2063 2937 1317 419 2148 725 2819 168 2125 388 1842 1370 1160 2834 929 2466 1878 1449 1763 1374 2550 1870 1601 373 2086 1443 347 1727 266 261 2980 71 2589 1602 2022 495 834 1107 2445 1372 2555 640 2429 901 1401 740 1315 1866 2687 2541 1305 87 163 340 1815 40 2946 2504 1055 2346 1576 548 2802 999 2910 97 1606 853 1268 2114 974 819 2434 1279 2149 2839 695 1119 1345 1246 928 1814 2524 660 1843 1422 2210 2811 180 1280 387 254 1357 2182 1386 2366 2502 2795 2713 1172 1909 2141 512 828 955 646 734 1987 2671 2270 827 1648 1555 1474 1499 2939 270 272 1297 2077 1543 2698 1900 197 1344 1990 1214 462 1188 773 409 805 2151 2900 627 1249 2522 181 2011 2615 2442 2558 589 1452 550 2925 1709 2540 1959 2181 1034 2617 1830 2895 2952 380 2105 904 2771 1393 1293 1438 1871 403 2389 134 2324 1972 2688 76 993 969 2622 2048 2646 807 945 2498 916 2230 0 908 914 2406 1750 1235 717 2543 2545 2676 1853 2027 1847 2457 1719 2417 701 425 1685 1518 746 2458 1686 2088 2416 2835 1904 2005 2322 915 2754 1023 542 91 1771 1934 2058 2065 2297 1600 1978 2657 190 1767 609 2166 2978 1006 115 1742 2224 636 1638 1436 1211 630 2929 1025 2282 2730 251 1491 1557 1220 1498 1076 1764 2784 1038 1275 790 2298 545 1121 468 1026 1406 125 341 214 723 1129 1147 1739 401 2452 485 1118 1183 2254 2941 2860 2053 83 619 544 12 25 1567 329 1607 143 2392 2833 2443 836 2661 998 1206 365 1516 2883 184 1540 1326 932 1905 1003 1844 1901 1039 2568 1225 1251 2194 317 440 2928 2456 761 200 1620 1273 1705 1413 1693 339 183 1070 199 2279 1180 221 1131 309 1702 2228 2082 1035 172 978 2441 2603 2391 2132 1711 1608 2804 489 2659 381 1970 399 2597 326 1361 1733 869 2737 1227 748 85 2205 2624 2608 1470 2999 1652 2794 760 2225 2734 733 982 2427 1780 2563 2759 1441 1033 2360 2439 1758 1885 1104 2679 1018 443 1752 2436 623 1889 61 605 2363 826 24 778 935 884 871 1159 1622 1746 1636 1823 992 2054 1112 2838 1700 1061 1572 2832 1446 2046 437 248 1439 2561 966 1120 560 1664 689 107 2738 2669 1831 2904 2090 1953 584 960 407 1925 2325 2706 1667 223 78 2856 1744 454 315 1593 2926 1995 2879 1948 838 2028 216 140 1083 2911 1768 1861 2471 2641 2219 1783 154 2112 2440 2052 1281 1839 1829 1290 1242 1960 2486 2857 1577 2539 885 2156 2317 2855 675 1116 1589 457 900 2074 1651 524 2031 1714 2953 1226 379 353 1893 1196 2689 47 598 1883 2605 1376 306 1623 1207 1605 1528 2496 1434 2963 604
